2025-03-22 11:17:15,823 - root - INFO - 密码管理系统启动
2025-03-22 11:17:15,824 - root - INFO - 初始化用户设置模块...
2025-03-22 11:17:15,824 - root - INFO - 用户设置模块已初始化
2025-03-22 11:17:18,845 - user - INFO - 用户 admin 登录成功
2025-03-22 11:17:18,869 - login_ui - INFO - 用户 admin 登录成功
2025-03-22 11:17:18,882 - root - INFO - 用户 admin 登录成功，准备打开密码管理界面
2025-03-22 11:18:01,967 - ui.password_manager.ui_guide - INFO - 显示引导: password_update, 结果: 接受
2025-03-22 11:18:03,396 - ui.password_manager.ui_table.table_events - INFO - 右键菜单 - 当前行: 5, 当前列: 3, 选中行数: 1, 选中行: [5]
2025-03-22 11:18:03,398 - ui.password_manager.ui_table.table_events - INFO - 选中的密码单元格数量: 0
2025-03-22 11:18:03,416 - ui.password_manager.ui_table.table_events - INFO - 准备添加'添加行'子菜单 (选中行数: 1)
2025-03-22 11:18:03,417 - ui.password_manager.ui_table.table_events - INFO - 已添加'添加行'子菜单，包含上方、下方和末尾三个选项
2025-03-22 11:18:03,418 - ui.password_manager.ui_table.table_events - INFO - 已添加'编辑行'选项
2025-03-22 11:18:28,907 - ui.password_manager.ui_table.table_events - INFO - 右键菜单 - 当前行: 6, 当前列: 5, 选中行数: 1, 选中行: [6]
2025-03-22 11:18:28,908 - ui.password_manager.ui_table.table_events - INFO - 选中的密码单元格数量: 1
2025-03-22 11:18:28,909 - ui.password_manager.ui_table.table_events - INFO - 准备添加'添加行'子菜单 (选中行数: 1)
2025-03-22 11:18:28,909 - ui.password_manager.ui_table.table_events - INFO - 已添加'添加行'子菜单，包含上方、下方和末尾三个选项
2025-03-22 11:18:28,909 - ui.password_manager.ui_table.table_events - INFO - 已添加'编辑行'选项
2025-03-22 11:18:37,574 - ui.password_manager.ui_guide - INFO - 显示引导: password_update, 结果: 接受
2025-03-22 11:18:47,124 - ui.password_manager.ui_table.table_password - INFO - 用户取消了服务器密码更新
2025-03-22 11:18:49,374 - ui.password_manager.ui_table.table_events - INFO - 右键菜单 - 当前行: 2, 当前列: 5, 选中行数: 1, 选中行: [2]
2025-03-22 11:18:49,374 - ui.password_manager.ui_table.table_events - INFO - 选中的密码单元格数量: 1
2025-03-22 11:18:49,375 - ui.password_manager.ui_table.table_events - INFO - 准备添加'添加行'子菜单 (选中行数: 1)
2025-03-22 11:18:49,375 - ui.password_manager.ui_table.table_events - INFO - 已添加'添加行'子菜单，包含上方、下方和末尾三个选项
2025-03-22 11:18:49,376 - ui.password_manager.ui_table.table_events - INFO - 已添加'编辑行'选项
2025-03-22 11:18:56,791 - ui.password_manager.ui_guide - INFO - 显示引导: password_update, 结果: 拒绝
2025-03-22 11:19:07,470 - ui.password_manager.ui_table.table_password - INFO - 开始更新1个服务器的密码
2025-03-22 11:19:07,470 - ui.password_manager.ui_table.table_password - INFO - 开始更新服务器密码 - 行: 2, 项目: 域控制器, IP: 190.126.81.41, 用户: root30
2025-03-22 11:19:21,574 - ui.password_manager.ui_table.table_password - ERROR - SSH密码更新失败 - 行: 2, IP: 190.126.81.41, 用户: root30, 错误: 连接或命令执行失败: timed out
2025-03-22 11:19:21,575 - ui.password_manager.ui_table.table_password - INFO - 成功更新了 0/1 个服务器的密码。
2025-03-22 11:20:19,308 - user - INFO - 用户已登出
2025-03-22 11:20:21,697 - root - INFO - 密码管理系统启动
2025-03-22 11:20:21,697 - root - INFO - 初始化用户设置模块...
2025-03-22 11:20:21,698 - root - INFO - 用户设置模块已初始化
2025-03-22 11:20:23,324 - user - INFO - 用户 admin 登录成功
2025-03-22 11:20:23,325 - login_ui - INFO - 用户 admin 登录成功
2025-03-22 11:20:23,326 - root - INFO - 用户 admin 登录成功，准备打开密码管理界面
2025-03-22 11:20:27,128 - ui.password_manager.ui_guide - INFO - 用户选择不再显示引导: password_update
2025-03-22 11:20:27,139 - ui.password_manager.ui_guide - INFO - 显示引导: password_update, 结果: 接受
2025-03-22 11:20:28,558 - ui.password_manager.ui_table.table_events - INFO - 右键菜单 - 当前行: 4, 当前列: 5, 选中行数: 1, 选中行: [4]
2025-03-22 11:20:28,559 - ui.password_manager.ui_table.table_events - INFO - 选中的密码单元格数量: 1
2025-03-22 11:20:28,560 - ui.password_manager.ui_table.table_events - INFO - 准备添加'添加行'子菜单 (选中行数: 1)
2025-03-22 11:20:28,560 - ui.password_manager.ui_table.table_events - INFO - 已添加'添加行'子菜单，包含上方、下方和末尾三个选项
2025-03-22 11:20:28,561 - ui.password_manager.ui_table.table_events - INFO - 已添加'编辑行'选项
2025-03-22 11:20:30,146 - ui.password_manager.ui_table.table_events - INFO - 右键菜单 - 当前行: 4, 当前列: 5, 选中行数: 1, 选中行: [4]
2025-03-22 11:20:30,147 - ui.password_manager.ui_table.table_events - INFO - 选中的密码单元格数量: 1
2025-03-22 11:20:30,148 - ui.password_manager.ui_table.table_events - INFO - 准备添加'添加行'子菜单 (选中行数: 1)
2025-03-22 11:20:30,148 - ui.password_manager.ui_table.table_events - INFO - 已添加'添加行'子菜单，包含上方、下方和末尾三个选项
2025-03-22 11:20:30,148 - ui.password_manager.ui_table.table_events - INFO - 已添加'编辑行'选项
2025-03-22 11:20:30,780 - ui.password_manager.ui_guide - INFO - 用户已完成引导: password_update，跳过显示
2025-03-22 11:20:41,246 - ui.password_manager.ui_table.table_password - INFO - 开始更新1个服务器的密码
2025-03-22 11:20:41,247 - ui.password_manager.ui_table.table_password - INFO - 开始更新服务器密码 - 行: 4, 项目: Jenkins, IP: 237.111.92.191, 用户: operator97
2025-03-22 11:20:46,448 - ui.password_manager.ui_table.table_password - ERROR - SSH密码更新失败 - 行: 4, IP: 237.111.92.191, 用户: operator97, 错误: 连接或命令执行失败: [WinError 10049] 在其上下文中，该请求的地址无效。
2025-03-22 11:20:46,449 - ui.password_manager.ui_table.table_password - INFO - 成功更新了 0/1 个服务器的密码。
2025-03-22 11:20:52,619 - ui.password_manager.ui_table.table_events - INFO - 右键菜单 - 当前行: 5, 当前列: 4, 选中行数: 1, 选中行: [5]
2025-03-22 11:20:52,620 - ui.password_manager.ui_table.table_events - INFO - 选中的密码单元格数量: 0
2025-03-22 11:20:52,620 - ui.password_manager.ui_table.table_events - INFO - 准备添加'添加行'子菜单 (选中行数: 1)
2025-03-22 11:20:52,621 - ui.password_manager.ui_table.table_events - INFO - 已添加'添加行'子菜单，包含上方、下方和末尾三个选项
2025-03-22 11:20:52,621 - ui.password_manager.ui_table.table_events - INFO - 已添加'编辑行'选项
2025-03-22 11:20:53,990 - ui.password_manager.ui_table.table_events - INFO - 尝试在行5（上方）添加新行 [添加方式: 上方]
2025-03-22 11:20:53,991 - ui.password_manager.ui_table.table_edit - INFO - 在位置 4 添加新行
2025-03-22 11:21:38,078 - ui.password_manager.ui_guide - INFO - 显示引导: first_edit, 结果: 接受
2025-03-22 11:21:38,106 - ui.password_manager.ui_table.table_events - ERROR - 在行5（上方）添加新行时出错: '>=' not supported between instances of 'NoneType' and 'int' [添加方式: 上方]
2025-03-22 11:21:42,939 - ui.password_manager.ui_table.table_edit - INFO - 取消编辑 - 第5行: 新行
2025-03-22 11:21:42,941 - ui.password_manager.ui_table.table_edit - INFO - 取消编辑完成，已恢复原始数据
2025-03-22 11:21:47,587 - ui.password_manager.ui_table.table_events - INFO - 右键菜单 - 当前行: 3, 当前列: 4, 选中行数: 1, 选中行: [3]
2025-03-22 11:21:47,588 - ui.password_manager.ui_table.table_events - INFO - 选中的密码单元格数量: 0
2025-03-22 11:21:47,588 - ui.password_manager.ui_table.table_events - INFO - 准备添加'添加行'子菜单 (选中行数: 1)
2025-03-22 11:21:47,589 - ui.password_manager.ui_table.table_events - INFO - 已添加'添加行'子菜单，包含上方、下方和末尾三个选项
2025-03-22 11:21:47,589 - ui.password_manager.ui_table.table_events - INFO - 已添加'编辑行'选项
2025-03-22 11:21:52,114 - ui.password_manager.ui_guide - INFO - 显示引导: first_edit, 结果: 拒绝
2025-03-22 11:21:54,077 - ui.password_manager.ui_table.table_edit - INFO - 取消编辑 - 第3行: 监控系统
2025-03-22 11:21:54,079 - ui.password_manager.ui_table.table_edit - INFO - 取消编辑完成，已恢复原始数据
2025-03-22 11:21:54,852 - ui.password_manager.ui_table.table_events - INFO - 右键菜单 - 当前行: 3, 当前列: 3, 选中行数: 1, 选中行: [3]
2025-03-22 11:21:54,852 - ui.password_manager.ui_table.table_events - INFO - 选中的密码单元格数量: 0
2025-03-22 11:21:54,853 - ui.password_manager.ui_table.table_events - INFO - 准备添加'添加行'子菜单 (选中行数: 1)
2025-03-22 11:21:54,854 - ui.password_manager.ui_table.table_events - INFO - 已添加'添加行'子菜单，包含上方、下方和末尾三个选项
2025-03-22 11:21:54,854 - ui.password_manager.ui_table.table_events - INFO - 已添加'编辑行'选项
2025-03-22 11:21:58,859 - ui.password_manager.ui_guide - INFO - 显示引导: first_edit, 结果: 拒绝
2025-03-22 11:22:00,605 - ui.password_manager.ui_table.table_edit - INFO - 取消编辑 - 第3行: 监控系统
2025-03-22 11:22:00,607 - ui.password_manager.ui_table.table_edit - INFO - 取消编辑完成，已恢复原始数据
2025-03-22 11:22:01,219 - ui.password_manager.ui_table.table_events - INFO - 右键菜单 - 当前行: 3, 当前列: 3, 选中行数: 1, 选中行: [3]
2025-03-22 11:22:01,220 - ui.password_manager.ui_table.table_events - INFO - 选中的密码单元格数量: 0
2025-03-22 11:22:01,221 - ui.password_manager.ui_table.table_events - INFO - 准备添加'添加行'子菜单 (选中行数: 1)
2025-03-22 11:22:01,221 - ui.password_manager.ui_table.table_events - INFO - 已添加'添加行'子菜单，包含上方、下方和末尾三个选项
2025-03-22 11:22:01,221 - ui.password_manager.ui_table.table_events - INFO - 已添加'编辑行'选项
2025-03-22 11:26:05,708 - ui.password_manager.ui_guide - INFO - 显示引导: first_edit, 结果: 接受
2025-03-22 11:26:08,014 - user - INFO - 用户已登出
2025-03-22 11:26:15,059 - root - INFO - 密码管理系统启动
2025-03-22 11:26:15,059 - root - INFO - 初始化用户设置模块...
2025-03-22 11:26:15,059 - root - INFO - 用户设置模块已初始化
2025-03-22 11:26:16,519 - user - INFO - 用户 admin 登录成功
2025-03-22 11:26:16,519 - login_ui - INFO - 用户 admin 登录成功
2025-03-22 11:26:16,520 - root - INFO - 用户 admin 登录成功，准备打开密码管理界面
2025-03-22 11:26:16,662 - ui.password_manager.ui_guide - INFO - 用户已完成引导: password_update，跳过显示
2025-03-22 11:26:17,740 - ui.password_manager.ui_table.table_events - INFO - 右键菜单 - 当前行: 3, 当前列: 4, 选中行数: 1, 选中行: [3]
2025-03-22 11:26:17,741 - ui.password_manager.ui_table.table_events - INFO - 选中的密码单元格数量: 0
2025-03-22 11:26:17,742 - ui.password_manager.ui_table.table_events - INFO - 准备添加'添加行'子菜单 (选中行数: 1)
2025-03-22 11:26:17,742 - ui.password_manager.ui_table.table_events - INFO - 已添加'添加行'子菜单，包含上方、下方和末尾三个选项
2025-03-22 11:26:17,743 - ui.password_manager.ui_table.table_events - INFO - 已添加'编辑行'选项
2025-03-22 11:26:19,979 - ui.password_manager.ui_guide - INFO - 显示引导: first_edit, 结果: 接受
2025-03-22 11:26:32,073 - ui.password_manager.ui_table.table_edit - INFO - 取消编辑 - 第3行: 监控系统
2025-03-22 11:26:32,075 - ui.password_manager.ui_table.table_edit - INFO - 取消编辑完成，已恢复原始数据
2025-03-22 11:26:32,973 - ui.password_manager.ui_table.table_events - INFO - 右键菜单 - 当前行: 3, 当前列: 4, 选中行数: 1, 选中行: [3]
2025-03-22 11:26:32,974 - ui.password_manager.ui_table.table_events - INFO - 选中的密码单元格数量: 0
2025-03-22 11:26:32,975 - ui.password_manager.ui_table.table_events - INFO - 准备添加'添加行'子菜单 (选中行数: 1)
2025-03-22 11:26:32,975 - ui.password_manager.ui_table.table_events - INFO - 已添加'添加行'子菜单，包含上方、下方和末尾三个选项
2025-03-22 11:26:32,975 - ui.password_manager.ui_table.table_events - INFO - 已添加'编辑行'选项
2025-03-22 11:26:34,293 - ui.password_manager.ui_table.table_events - INFO - 尝试在行3（上方）添加新行 [添加方式: 上方]
2025-03-22 11:26:34,293 - ui.password_manager.ui_table.table_edit - INFO - 在位置 2 添加新行
2025-03-22 11:26:37,792 - ui.password_manager.ui_guide - INFO - 显示引导: first_edit, 结果: 接受
2025-03-22 11:26:37,799 - ui.password_manager.ui_table.table_events - ERROR - 在行3（上方）添加新行时出错: '>=' not supported between instances of 'NoneType' and 'int' [添加方式: 上方]
2025-03-22 11:27:26,725 - root - INFO - 密码管理系统启动
2025-03-22 11:27:26,726 - root - INFO - 初始化用户设置模块...
2025-03-22 11:27:26,726 - root - INFO - 用户设置模块已初始化
2025-03-22 11:27:28,033 - user - INFO - 用户 admin 登录成功
2025-03-22 11:27:28,034 - login_ui - INFO - 用户 admin 登录成功
2025-03-22 11:27:28,035 - root - INFO - 用户 admin 登录成功，准备打开密码管理界面
2025-03-22 11:27:28,195 - ui.password_manager.ui_guide - INFO - 用户已完成引导: password_update，跳过显示
2025-03-22 11:27:50,927 - ui.password_manager.ui_table.table_events - INFO - 右键菜单 - 当前行: 6, 当前列: 5, 选中行数: 1, 选中行: [6]
2025-03-22 11:27:50,928 - ui.password_manager.ui_table.table_events - INFO - 选中的密码单元格数量: 1
2025-03-22 11:27:50,929 - ui.password_manager.ui_table.table_events - INFO - 准备添加'添加行'子菜单 (选中行数: 1)
2025-03-22 11:27:50,930 - ui.password_manager.ui_table.table_events - INFO - 已添加'添加行'子菜单，包含上方、下方和末尾三个选项
2025-03-22 11:27:50,930 - ui.password_manager.ui_table.table_events - INFO - 已添加'编辑行'选项
2025-03-22 11:27:57,078 - ui.password_manager.ui_guide - INFO - 显示引导: first_edit, 结果: 接受
2025-03-22 11:29:49,755 - ui.password_manager.ui_table.table_edit - INFO - 取消编辑 - 第6行: MongoDB
2025-03-22 11:29:49,758 - ui.password_manager.ui_table.table_edit - INFO - 取消编辑完成，已恢复原始数据
2025-03-22 11:29:50,748 - user - INFO - 用户已登出
2025-03-22 11:30:47,573 - root - INFO - 密码管理系统启动
2025-03-22 11:30:47,574 - root - INFO - 初始化用户设置模块...
2025-03-22 11:30:47,574 - root - INFO - 用户设置模块已初始化
2025-03-22 11:30:48,651 - user - INFO - 用户 admin 登录成功
2025-03-22 11:30:48,651 - login_ui - INFO - 用户 admin 登录成功
2025-03-22 11:30:48,652 - root - INFO - 用户 admin 登录成功，准备打开密码管理界面
2025-03-22 11:30:48,749 - ui.password_manager.ui_guide - INFO - 用户已完成引导: password_update，跳过显示
2025-03-22 11:30:49,394 - ui.password_manager.ui_table.table_events - INFO - 右键菜单 - 当前行: 4, 当前列: 4, 选中行数: 1, 选中行: [4]
2025-03-22 11:30:49,395 - ui.password_manager.ui_table.table_events - INFO - 选中的密码单元格数量: 0
2025-03-22 11:30:49,397 - ui.password_manager.ui_table.table_events - INFO - 准备添加'添加行'子菜单 (选中行数: 1)
2025-03-22 11:30:49,398 - ui.password_manager.ui_table.table_events - INFO - 已添加'添加行'子菜单，包含上方、下方和末尾三个选项
2025-03-22 11:30:49,399 - ui.password_manager.ui_table.table_events - INFO - 已添加'编辑行'选项
2025-03-22 11:30:51,371 - ui.password_manager.ui_guide - INFO - 显示引导: first_edit, 结果: 接受
2025-03-22 11:34:14,891 - user - INFO - 用户已登出
2025-03-22 11:34:23,867 - root - INFO - 密码管理系统启动
2025-03-22 11:34:23,868 - root - INFO - 初始化用户设置模块...
2025-03-22 11:34:23,868 - root - INFO - 用户设置模块已初始化
2025-03-22 11:34:29,483 - user - INFO - 用户 admin 登录成功
2025-03-22 11:34:29,484 - login_ui - INFO - 用户 admin 登录成功
2025-03-22 11:34:29,485 - root - INFO - 用户 admin 登录成功，准备打开密码管理界面
2025-03-22 11:34:29,547 - ui.password_manager.ui_table.base_table - INFO - 已设置必填字段自定义委托
2025-03-22 11:34:29,615 - ui.password_manager.ui_guide - INFO - 用户已完成引导: password_update，跳过显示
2025-03-22 11:35:53,508 - root - INFO - 密码管理系统启动
2025-03-22 11:35:53,508 - root - INFO - 初始化用户设置模块...
2025-03-22 11:35:53,508 - root - INFO - 用户设置模块已初始化
2025-03-22 11:35:55,002 - user - INFO - 用户 admin 登录成功
2025-03-22 11:35:55,003 - login_ui - INFO - 用户 admin 登录成功
2025-03-22 11:35:55,004 - root - INFO - 用户 admin 登录成功，准备打开密码管理界面
2025-03-22 11:35:55,054 - ui.password_manager.ui_table.base_table - INFO - 已设置必填字段自定义委托
2025-03-22 11:35:55,102 - ui.password_manager.ui_guide - INFO - 用户已完成引导: password_update，跳过显示
2025-03-22 11:35:57,802 - ui.password_manager.ui_table.table_events - INFO - 右键菜单 - 当前行: 4, 当前列: 4, 选中行数: 1, 选中行: [4]
2025-03-22 11:35:57,803 - ui.password_manager.ui_table.table_events - INFO - 选中的密码单元格数量: 0
2025-03-22 11:35:57,803 - ui.password_manager.ui_table.table_events - INFO - 准备添加'添加行'子菜单 (选中行数: 1)
2025-03-22 11:35:57,804 - ui.password_manager.ui_table.table_events - INFO - 已添加'添加行'子菜单，包含上方、下方和末尾三个选项
2025-03-22 11:35:57,805 - ui.password_manager.ui_table.table_events - INFO - 已添加'编辑行'选项
2025-03-22 11:35:59,624 - ui.password_manager.ui_table.table_events - INFO - 右键菜单 - 当前行: 3, 当前列: 2, 选中行数: 1, 选中行: [3]
2025-03-22 11:35:59,625 - ui.password_manager.ui_table.table_events - INFO - 选中的密码单元格数量: 0
2025-03-22 11:35:59,625 - ui.password_manager.ui_table.table_events - INFO - 准备添加'添加行'子菜单 (选中行数: 1)
2025-03-22 11:35:59,626 - ui.password_manager.ui_table.table_events - INFO - 已添加'添加行'子菜单，包含上方、下方和末尾三个选项
2025-03-22 11:35:59,626 - ui.password_manager.ui_table.table_events - INFO - 已添加'编辑行'选项
2025-03-22 11:36:01,702 - ui.password_manager.ui_guide - INFO - 显示引导: first_edit, 结果: 接受
2025-03-22 11:36:06,051 - ui.password_manager.ui_table.table_edit - INFO - 取消编辑 - 第3行: 监控系统
2025-03-22 11:36:06,053 - ui.password_manager.ui_table.table_edit - INFO - 取消编辑完成，已恢复原始数据
2025-03-22 11:36:11,598 - user - INFO - 用户已登出
2025-03-22 11:36:39,218 - root - INFO - 密码管理系统启动
2025-03-22 11:36:39,218 - root - INFO - 初始化用户设置模块...
2025-03-22 11:36:39,219 - root - INFO - 用户设置模块已初始化
2025-03-22 11:36:40,370 - user - INFO - 用户 admin 登录成功
2025-03-22 11:36:40,370 - login_ui - INFO - 用户 admin 登录成功
2025-03-22 11:36:40,371 - root - INFO - 用户 admin 登录成功，准备打开密码管理界面
2025-03-22 11:36:40,430 - ui.password_manager.ui_table.base_table - INFO - 已设置必填字段自定义委托
2025-03-22 11:36:40,516 - ui.password_manager.ui_guide - INFO - 用户已完成引导: password_update，跳过显示
2025-03-22 11:36:43,185 - ui.password_manager.ui_table.table_events - INFO - 右键菜单 - 当前行: 5, 当前列: 1, 选中行数: 1, 选中行: [5]
2025-03-22 11:36:43,185 - ui.password_manager.ui_table.table_events - INFO - 选中的密码单元格数量: 0
2025-03-22 11:36:43,186 - ui.password_manager.ui_table.table_events - INFO - 准备添加'添加行'子菜单 (选中行数: 1)
2025-03-22 11:36:43,187 - ui.password_manager.ui_table.table_events - INFO - 已添加'添加行'子菜单，包含上方、下方和末尾三个选项
2025-03-22 11:36:43,187 - ui.password_manager.ui_table.table_events - INFO - 已添加'编辑行'选项
2025-03-22 11:36:45,237 - ui.password_manager.ui_table.table_events - INFO - 尝试在行5（上方）添加新行 [添加方式: 上方]
2025-03-22 11:36:45,237 - ui.password_manager.ui_table.table_edit - INFO - 在位置 4 添加新行
2025-03-22 11:36:47,191 - ui.password_manager.ui_guide - INFO - 显示引导: first_edit, 结果: 接受
2025-03-22 11:36:47,195 - ui.password_manager.ui_table.table_events - ERROR - 在行5（上方）添加新行时出错: '>=' not supported between instances of 'NoneType' and 'int' [添加方式: 上方]
2025-03-22 11:36:54,811 - ui.password_manager.ui_table.table_edit - INFO - 取消编辑 - 第5行: 
2025-03-22 11:36:54,813 - ui.password_manager.ui_table.table_edit - INFO - 取消编辑完成，已恢复原始数据
2025-03-22 11:36:55,719 - ui.password_manager.ui_table.table_events - INFO - 右键菜单 - 当前行: 6, 当前列: 1, 选中行数: 1, 选中行: [6]
2025-03-22 11:36:55,719 - ui.password_manager.ui_table.table_events - INFO - 选中的密码单元格数量: 0
2025-03-22 11:36:55,720 - ui.password_manager.ui_table.table_events - INFO - 准备添加'添加行'子菜单 (选中行数: 1)
2025-03-22 11:36:55,721 - ui.password_manager.ui_table.table_events - INFO - 已添加'添加行'子菜单，包含上方、下方和末尾三个选项
2025-03-22 11:36:55,721 - ui.password_manager.ui_table.table_events - INFO - 已添加'编辑行'选项
2025-03-22 11:36:59,751 - ui.password_manager.ui_guide - INFO - 显示引导: first_edit, 结果: 接受
2025-03-22 11:37:13,392 - ui.password_manager.ui_table.table_edit - INFO - 开始确认编辑 - 第6行: 
2025-03-22 11:37:13,393 - ui.password_manager.ui_table.table_edit - INFO - 根据位置判断第6行是否为新行: False
2025-03-22 11:37:15,421 - ui.password_manager.ui_table.table_edit - INFO - 取消编辑 - 第6行: 
2025-03-22 11:37:15,423 - ui.password_manager.ui_table.table_edit - INFO - 取消编辑完成，已恢复原始数据
2025-03-22 11:40:38,881 - user - INFO - 用户已登出
2025-03-22 11:41:20,043 - root - INFO - 密码管理系统启动
2025-03-22 11:41:20,043 - root - INFO - 初始化用户设置模块...
2025-03-22 11:41:20,044 - root - INFO - 用户设置模块已初始化
2025-03-22 11:41:21,489 - user - INFO - 用户 admin 登录成功
2025-03-22 11:41:21,490 - login_ui - INFO - 用户 admin 登录成功
2025-03-22 11:41:21,491 - root - INFO - 用户 admin 登录成功，准备打开密码管理界面
2025-03-22 11:41:21,555 - ui.password_manager.ui_table.base_table - INFO - 已设置必填字段自定义委托
2025-03-22 11:41:21,618 - ui.password_manager.ui_guide - INFO - 用户已完成引导: password_update，跳过显示
2025-03-22 11:41:23,026 - ui.password_manager.ui_table.table_events - INFO - 右键菜单 - 当前行: 3, 当前列: 4, 选中行数: 1, 选中行: [3]
2025-03-22 11:41:23,026 - ui.password_manager.ui_table.table_events - INFO - 选中的密码单元格数量: 0
2025-03-22 11:41:23,027 - ui.password_manager.ui_table.table_events - INFO - 准备添加'添加行'子菜单 (选中行数: 1)
2025-03-22 11:41:23,028 - ui.password_manager.ui_table.table_events - INFO - 已添加'添加行'子菜单，包含上方、下方和末尾三个选项
2025-03-22 11:41:23,029 - ui.password_manager.ui_table.table_events - INFO - 已添加'编辑行'选项
2025-03-22 11:41:24,263 - ui.password_manager.ui_table.table_events - INFO - 尝试在行3（上方）添加新行 [添加方式: 上方]
2025-03-22 11:41:24,264 - ui.password_manager.ui_table.table_edit - INFO - 在位置 2 添加新行
2025-03-22 11:41:26,948 - ui.password_manager.ui_guide - INFO - 显示引导: first_edit, 结果: 接受
2025-03-22 11:41:29,697 - ui.password_manager.ui_guide - INFO - 显示引导: first_edit, 结果: 接受
2025-03-22 11:41:29,700 - ui.password_manager.ui_table.table_events - ERROR - 在行3（上方）添加新行时出错: '>=' not supported between instances of 'NoneType' and 'int' [添加方式: 上方]
2025-03-22 11:41:39,365 - ui.password_manager.ui_table.table_edit - INFO - 取消编辑 - 第2行: 
2025-03-22 11:41:39,365 - ui.password_manager.ui_table.table_edit - INFO - 取消编辑完成，已恢复原始数据
2025-03-22 11:42:56,775 - root - INFO - 密码管理系统启动
2025-03-22 11:42:56,775 - root - INFO - 初始化用户设置模块...
2025-03-22 11:42:56,776 - root - INFO - 用户设置模块已初始化
2025-03-22 11:42:58,061 - user - INFO - 用户 admin 登录成功
2025-03-22 11:42:58,062 - login_ui - INFO - 用户 admin 登录成功
2025-03-22 11:42:58,063 - root - INFO - 用户 admin 登录成功，准备打开密码管理界面
2025-03-22 11:42:58,122 - ui.password_manager.ui_table.base_table - INFO - 已设置必填字段自定义委托
2025-03-22 11:42:58,181 - ui.password_manager.ui_guide - INFO - 用户已完成引导: password_update，跳过显示
2025-03-22 11:42:59,330 - ui.password_manager.ui_table.table_events - INFO - 右键菜单 - 当前行: 3, 当前列: 3, 选中行数: 1, 选中行: [3]
2025-03-22 11:42:59,331 - ui.password_manager.ui_table.table_events - INFO - 选中的密码单元格数量: 0
2025-03-22 11:42:59,332 - ui.password_manager.ui_table.table_events - INFO - 准备添加'添加行'子菜单 (选中行数: 1)
2025-03-22 11:42:59,332 - ui.password_manager.ui_table.table_events - INFO - 已添加'添加行'子菜单，包含上方、下方和末尾三个选项
2025-03-22 11:42:59,333 - ui.password_manager.ui_table.table_events - INFO - 已添加'编辑行'选项
2025-03-22 11:43:03,239 - ui.password_manager.ui_table.table_events - INFO - 右键菜单 - 当前行: 3, 当前列: 3, 选中行数: 1, 选中行: [3]
2025-03-22 11:43:03,239 - ui.password_manager.ui_table.table_events - INFO - 选中的密码单元格数量: 0
2025-03-22 11:43:03,240 - ui.password_manager.ui_table.table_events - INFO - 准备添加'添加行'子菜单 (选中行数: 1)
2025-03-22 11:43:03,240 - ui.password_manager.ui_table.table_events - INFO - 已添加'添加行'子菜单，包含上方、下方和末尾三个选项
2025-03-22 11:43:03,241 - ui.password_manager.ui_table.table_events - INFO - 已添加'编辑行'选项
2025-03-22 11:43:05,919 - ui.password_manager.ui_guide - INFO - 显示引导: first_edit, 结果: 接受
2025-03-22 11:43:07,693 - ui.password_manager.ui_guide - INFO - 显示引导: first_edit, 结果: 接受
2025-03-22 11:43:30,434 - ui.password_manager.ui_guide - INFO - 显示引导: ip_field, 结果: 接受
2025-03-22 11:43:33,061 - ui.password_manager.ui_guide - INFO - 显示引导: ip_field, 结果: 接受
2025-03-22 11:43:39,812 - ui.password_manager.ui_guide - INFO - 显示引导: ip_field, 结果: 接受
2025-03-22 11:43:41,197 - ui.password_manager.ui_guide - INFO - 显示引导: ip_field, 结果: 接受
2025-03-22 11:43:44,640 - ui.password_manager.ui_table.table_edit - INFO - 取消编辑 - 第2行: 监控系统
2025-03-22 11:43:44,640 - ui.password_manager.ui_table.table_edit - INFO - 取消编辑完成，已恢复原始数据
2025-03-22 11:43:46,711 - ui.password_manager.ui_table.table_events - INFO - 右键菜单 - 当前行: 3, 当前列: 4, 选中行数: 1, 选中行: [3]
2025-03-22 11:43:46,712 - ui.password_manager.ui_table.table_events - INFO - 选中的密码单元格数量: 0
2025-03-22 11:43:46,712 - ui.password_manager.ui_table.table_events - INFO - 准备添加'添加行'子菜单 (选中行数: 1)
2025-03-22 11:43:46,713 - ui.password_manager.ui_table.table_events - INFO - 已添加'添加行'子菜单，包含上方、下方和末尾三个选项
2025-03-22 11:43:46,713 - ui.password_manager.ui_table.table_events - INFO - 已添加'编辑行'选项
2025-03-22 11:43:50,164 - ui.password_manager.ui_guide - INFO - 显示引导: first_edit, 结果: 接受
2025-03-22 11:43:51,096 - ui.password_manager.ui_guide - INFO - 显示引导: first_edit, 结果: 接受
2025-03-22 11:43:57,040 - ui.password_manager.ui_guide - INFO - 显示引导: ip_field, 结果: 接受
2025-03-22 11:43:58,800 - ui.password_manager.ui_guide - INFO - 显示引导: ip_field, 结果: 接受
2025-03-22 11:43:59,262 - ui.password_manager.ui_guide - INFO - 显示引导: ip_field, 结果: 接受
2025-03-22 11:43:59,441 - ui.password_manager.ui_guide - INFO - 显示引导: ip_field, 结果: 接受
2025-03-22 11:44:03,652 - ui.password_manager.ui_guide - INFO - 显示引导: ip_field, 结果: 拒绝
2025-03-22 11:44:04,145 - ui.password_manager.ui_guide - INFO - 显示引导: ip_field, 结果: 拒绝
2025-03-22 11:44:04,660 - ui.password_manager.ui_guide - INFO - 显示引导: ip_field, 结果: 拒绝
2025-03-22 11:44:05,277 - ui.password_manager.ui_guide - INFO - 显示引导: ip_field, 结果: 拒绝
2025-03-22 11:44:10,280 - ui.password_manager.ui_table.table_edit - INFO - 取消编辑 - 第2行: 监控系统
2025-03-22 11:44:10,281 - ui.password_manager.ui_table.table_edit - INFO - 取消编辑完成，已恢复原始数据
2025-03-22 11:44:11,435 - ui.password_manager.ui_table.table_events - INFO - 右键菜单 - 当前行: 5, 当前列: 4, 选中行数: 1, 选中行: [5]
2025-03-22 11:44:11,436 - ui.password_manager.ui_table.table_events - INFO - 选中的密码单元格数量: 0
2025-03-22 11:44:11,437 - ui.password_manager.ui_table.table_events - INFO - 准备添加'添加行'子菜单 (选中行数: 1)
2025-03-22 11:44:11,438 - ui.password_manager.ui_table.table_events - INFO - 已添加'添加行'子菜单，包含上方、下方和末尾三个选项
2025-03-22 11:44:11,438 - ui.password_manager.ui_table.table_events - INFO - 已添加'编辑行'选项
2025-03-22 11:44:12,447 - ui.password_manager.ui_table.table_events - INFO - 尝试在行5（上方）添加新行 [添加方式: 上方]
2025-03-22 11:44:12,448 - ui.password_manager.ui_table.table_edit - INFO - 在位置 4 添加新行
2025-03-22 11:44:23,074 - ui.password_manager.ui_guide - INFO - 显示引导: first_edit, 结果: 接受
2025-03-22 11:45:13,145 - root - INFO - 密码管理系统启动
2025-03-22 11:45:13,145 - root - INFO - 初始化用户设置模块...
2025-03-22 11:45:13,146 - root - INFO - 用户设置模块已初始化
2025-03-22 11:45:14,385 - user - INFO - 用户 admin 登录成功
2025-03-22 11:45:14,385 - login_ui - INFO - 用户 admin 登录成功
2025-03-22 11:45:14,386 - root - INFO - 用户 admin 登录成功，准备打开密码管理界面
2025-03-22 11:45:14,450 - ui.password_manager.ui_table.base_table - INFO - 已设置必填字段自定义委托
2025-03-22 11:45:14,555 - ui.password_manager.ui_guide - INFO - 用户已完成引导: password_update，跳过显示
2025-03-22 11:45:16,468 - ui.password_manager.ui_table.table_events - INFO - 右键菜单 - 当前行: 4, 当前列: 2, 选中行数: 1, 选中行: [4]
2025-03-22 11:45:16,469 - ui.password_manager.ui_table.table_events - INFO - 选中的密码单元格数量: 0
2025-03-22 11:45:16,470 - ui.password_manager.ui_table.table_events - INFO - 准备添加'添加行'子菜单 (选中行数: 1)
2025-03-22 11:45:16,470 - ui.password_manager.ui_table.table_events - INFO - 已添加'添加行'子菜单，包含上方、下方和末尾三个选项
2025-03-22 11:45:16,471 - ui.password_manager.ui_table.table_events - INFO - 已添加'编辑行'选项
2025-03-22 11:45:22,746 - ui.password_manager.ui_guide - INFO - 显示引导: first_edit, 结果: 接受
2025-03-22 11:45:25,588 - ui.password_manager.ui_guide - INFO - 显示引导: first_edit, 结果: 接受
2025-03-22 11:45:36,046 - ui.password_manager.ui_table.table_edit - INFO - 取消编辑 - 第3行: Jenkins
2025-03-22 11:45:36,047 - ui.password_manager.ui_table.table_edit - INFO - 取消编辑完成，已恢复原始数据
2025-03-22 11:45:36,896 - ui.password_manager.ui_table.table_events - INFO - 右键菜单 - 当前行: 6, 当前列: 4, 选中行数: 1, 选中行: [6]
2025-03-22 11:45:36,897 - ui.password_manager.ui_table.table_events - INFO - 选中的密码单元格数量: 0
2025-03-22 11:45:36,897 - ui.password_manager.ui_table.table_events - INFO - 准备添加'添加行'子菜单 (选中行数: 1)
2025-03-22 11:45:36,898 - ui.password_manager.ui_table.table_events - INFO - 已添加'添加行'子菜单，包含上方、下方和末尾三个选项
2025-03-22 11:45:36,898 - ui.password_manager.ui_table.table_events - INFO - 已添加'编辑行'选项
2025-03-22 11:46:00,911 - ui.password_manager.ui_guide - INFO - 显示引导: first_edit, 结果: 接受
2025-03-22 11:47:35,783 - ui.password_manager.ui_guide - INFO - 显示引导: first_edit, 结果: 拒绝
2025-03-22 11:47:40,233 - user - INFO - 用户已登出
2025-03-22 11:47:46,961 - root - INFO - 密码管理系统启动
2025-03-22 11:47:46,961 - root - INFO - 初始化用户设置模块...
2025-03-22 11:47:46,962 - root - INFO - 用户设置模块已初始化
2025-03-22 11:47:48,173 - user - INFO - 用户 admin 登录成功
2025-03-22 11:47:48,174 - login_ui - INFO - 用户 admin 登录成功
2025-03-22 11:47:48,175 - root - INFO - 用户 admin 登录成功，准备打开密码管理界面
2025-03-22 11:47:48,255 - ui.password_manager.ui_table.base_table - INFO - 已设置必填字段自定义委托
2025-03-22 11:47:48,323 - ui.password_manager.ui_guide - INFO - 用户已完成引导: password_update，跳过显示
2025-03-22 11:47:50,196 - ui.password_manager.ui_table.table_events - INFO - 右键菜单 - 当前行: 4, 当前列: 2, 选中行数: 1, 选中行: [4]
2025-03-22 11:47:50,197 - ui.password_manager.ui_table.table_events - INFO - 选中的密码单元格数量: 0
2025-03-22 11:47:50,198 - ui.password_manager.ui_table.table_events - INFO - 准备添加'添加行'子菜单 (选中行数: 1)
2025-03-22 11:47:50,199 - ui.password_manager.ui_table.table_events - INFO - 已添加'添加行'子菜单，包含上方、下方和末尾三个选项
2025-03-22 11:47:50,199 - ui.password_manager.ui_table.table_events - INFO - 已添加'编辑行'选项
2025-03-22 11:47:52,366 - ui.password_manager.ui_guide - INFO - 用户已完成引导: first_edit
2025-03-22 11:47:52,378 - ui.password_manager.ui_guide - INFO - 显示引导: first_edit, 结果: 接受
2025-03-22 11:47:52,379 - ui.password_manager.ui_guide - INFO - 用户已完成引导: first_edit，跳过显示
2025-03-22 11:47:56,736 - ui.password_manager.ui_table.table_edit - INFO - 取消编辑 - 第3行: Jenkins
2025-03-22 11:47:56,737 - ui.password_manager.ui_table.table_edit - INFO - 取消编辑完成，已恢复原始数据
2025-03-22 11:47:57,274 - ui.password_manager.ui_table.table_events - INFO - 右键菜单 - 当前行: 8, 当前列: 2, 选中行数: 1, 选中行: [8]
2025-03-22 11:47:57,274 - ui.password_manager.ui_table.table_events - INFO - 选中的密码单元格数量: 0
2025-03-22 11:47:57,275 - ui.password_manager.ui_table.table_events - INFO - 准备添加'添加行'子菜单 (选中行数: 1)
2025-03-22 11:47:57,276 - ui.password_manager.ui_table.table_events - INFO - 已添加'添加行'子菜单，包含上方、下方和末尾三个选项
2025-03-22 11:47:57,277 - ui.password_manager.ui_table.table_events - INFO - 已添加'编辑行'选项
2025-03-22 11:47:57,947 - ui.password_manager.ui_guide - INFO - 用户已完成引导: first_edit，跳过显示
2025-03-22 11:47:57,948 - ui.password_manager.ui_guide - INFO - 用户已完成引导: first_edit，跳过显示
2025-03-22 11:47:59,791 - ui.password_manager.ui_table.table_edit - INFO - 取消编辑 - 第7行: CRM系统
2025-03-22 11:47:59,792 - ui.password_manager.ui_table.table_edit - INFO - 取消编辑完成，已恢复原始数据
2025-03-22 11:48:00,532 - ui.password_manager.ui_table.table_events - INFO - 右键菜单 - 当前行: 7, 当前列: 2, 选中行数: 1, 选中行: [7]
2025-03-22 11:48:00,533 - ui.password_manager.ui_table.table_events - INFO - 选中的密码单元格数量: 0
2025-03-22 11:48:00,533 - ui.password_manager.ui_table.table_events - INFO - 准备添加'添加行'子菜单 (选中行数: 1)
2025-03-22 11:48:00,534 - ui.password_manager.ui_table.table_events - INFO - 已添加'添加行'子菜单，包含上方、下方和末尾三个选项
2025-03-22 11:48:00,535 - ui.password_manager.ui_table.table_events - INFO - 已添加'编辑行'选项
2025-03-22 11:48:03,309 - ui.password_manager.ui_table.table_events - INFO - 右键菜单 - 当前行: 8, 当前列: 2, 选中行数: 1, 选中行: [8]
2025-03-22 11:48:03,310 - ui.password_manager.ui_table.table_events - INFO - 选中的密码单元格数量: 0
2025-03-22 11:48:03,311 - ui.password_manager.ui_table.table_events - INFO - 准备添加'添加行'子菜单 (选中行数: 1)
2025-03-22 11:48:03,312 - ui.password_manager.ui_table.table_events - INFO - 已添加'添加行'子菜单，包含上方、下方和末尾三个选项
2025-03-22 11:48:03,312 - ui.password_manager.ui_table.table_events - INFO - 已添加'编辑行'选项
2025-03-22 11:48:11,215 - ui.password_manager.ui_table.table_events - INFO - 右键菜单 - 当前行: 9, 当前列: 3, 选中行数: 1, 选中行: [9]
2025-03-22 11:48:11,216 - ui.password_manager.ui_table.table_events - INFO - 选中的密码单元格数量: 0
2025-03-22 11:48:11,216 - ui.password_manager.ui_table.table_events - INFO - 准备添加'添加行'子菜单 (选中行数: 1)
2025-03-22 11:48:11,217 - ui.password_manager.ui_table.table_events - INFO - 已添加'添加行'子菜单，包含上方、下方和末尾三个选项
2025-03-22 11:48:11,217 - ui.password_manager.ui_table.table_events - INFO - 已添加'编辑行'选项
2025-03-22 11:49:09,443 - ui.password_manager.ui_guide - INFO - 用户已完成引导: first_edit
2025-03-22 11:49:09,460 - ui.password_manager.ui_guide - INFO - 显示引导: first_edit, 结果: 接受
2025-03-22 11:49:09,462 - ui.password_manager.ui_guide - INFO - 用户已完成引导: first_edit，跳过显示
2025-03-22 11:49:16,005 - user - INFO - 用户已登出
2025-03-22 11:51:52,507 - root - INFO - 密码管理系统启动
2025-03-22 11:51:52,507 - root - INFO - 初始化用户设置模块...
2025-03-22 11:51:52,507 - root - INFO - 用户设置模块已初始化
2025-03-22 11:51:54,152 - user - INFO - 用户 admin 登录成功
2025-03-22 11:51:54,153 - login_ui - INFO - 用户 admin 登录成功
2025-03-22 11:51:54,155 - root - INFO - 用户 admin 登录成功，准备打开密码管理界面
2025-03-22 11:51:54,226 - ui.password_manager.ui_table.base_table - INFO - 已设置必填字段自定义委托
2025-03-22 11:52:01,584 - ui.password_manager.ui_guide - INFO - 用户已完成引导: password_update
2025-03-22 11:52:01,596 - ui.password_manager.ui_guide - INFO - 显示引导: password_update, 结果: 接受
2025-03-22 11:52:05,667 - ui.password_manager.ui_table.table_events - INFO - 右键菜单 - 当前行: 6, 当前列: 4, 选中行数: 1, 选中行: [6]
2025-03-22 11:52:05,667 - ui.password_manager.ui_table.table_events - INFO - 选中的密码单元格数量: 0
2025-03-22 11:52:05,668 - ui.password_manager.ui_table.table_events - INFO - 准备添加'添加行'子菜单 (选中行数: 1)
2025-03-22 11:52:05,668 - ui.password_manager.ui_table.table_events - INFO - 已添加'添加行'子菜单，包含上方、下方和末尾三个选项
2025-03-22 11:52:05,669 - ui.password_manager.ui_table.table_events - INFO - 已添加'编辑行'选项
2025-03-22 11:52:06,517 - ui.password_manager.ui_guide - INFO - 用户已完成引导: first_edit，跳过显示
2025-03-22 11:52:06,518 - ui.password_manager.ui_guide - INFO - 用户已完成引导: first_edit，跳过显示
2025-03-22 11:52:15,102 - ui.password_manager.ui_guide - INFO - 用户已完成引导: password_update，跳过显示
2025-03-22 11:52:17,846 - ui.password_manager.ui_table.table_edit - INFO - 取消编辑 - 第5行: MongoDB
2025-03-22 11:52:17,847 - ui.password_manager.ui_table.table_edit - INFO - 取消编辑完成，已恢复原始数据
2025-03-22 11:52:19,699 - ui.password_manager.ui_guide - INFO - 用户已完成引导: password_update，跳过显示
2025-03-22 11:52:20,982 - ui.password_manager.ui_table.table_events - INFO - 右键菜单 - 当前行: 4, 当前列: 3, 选中行数: 1, 选中行: [4]
2025-03-22 11:52:20,983 - ui.password_manager.ui_table.table_events - INFO - 选中的密码单元格数量: 0
2025-03-22 11:52:20,984 - ui.password_manager.ui_table.table_events - INFO - 准备添加'添加行'子菜单 (选中行数: 1)
2025-03-22 11:52:20,985 - ui.password_manager.ui_table.table_events - INFO - 已添加'添加行'子菜单，包含上方、下方和末尾三个选项
2025-03-22 11:52:20,986 - ui.password_manager.ui_table.table_events - INFO - 已添加'编辑行'选项
2025-03-22 11:52:23,558 - ui.password_manager.ui_table.table_events - INFO - 右键菜单 - 当前行: 5, 当前列: 2, 选中行数: 1, 选中行: [5]
2025-03-22 11:52:23,559 - ui.password_manager.ui_table.table_events - INFO - 选中的密码单元格数量: 0
2025-03-22 11:52:23,560 - ui.password_manager.ui_table.table_events - INFO - 准备添加'添加行'子菜单 (选中行数: 1)
2025-03-22 11:52:23,560 - ui.password_manager.ui_table.table_events - INFO - 已添加'添加行'子菜单，包含上方、下方和末尾三个选项
2025-03-22 11:52:23,561 - ui.password_manager.ui_table.table_events - INFO - 已添加'编辑行'选项
2025-03-22 11:52:24,585 - ui.password_manager.ui_guide - INFO - 用户已完成引导: first_edit，跳过显示
2025-03-22 11:52:24,586 - ui.password_manager.ui_guide - INFO - 用户已完成引导: first_edit，跳过显示
2025-03-22 11:52:34,985 - ui.password_manager.ui_table.table_edit - INFO - 取消编辑 - 第4行: SQL Server
2025-03-22 11:52:34,986 - ui.password_manager.ui_table.table_edit - INFO - 取消编辑完成，已恢复原始数据
2025-03-22 11:52:37,425 - user - INFO - 用户已登出
2025-03-22 11:53:29,535 - root - INFO - 密码管理系统启动
2025-03-22 11:53:29,535 - root - INFO - 初始化用户设置模块...
2025-03-22 11:53:29,536 - root - INFO - 用户设置模块已初始化
2025-03-22 11:53:29,537 - root - ERROR - 程序发生错误: 'UserSettings' object has no attribute 'user_settings'
2025-03-22 11:53:29,537 - root - ERROR - Traceback (most recent call last):
  File "C:\Users\14214\Desktop\pwd_glgj\密码管理系统-步骤执行更直观\main.py", line 113, in <module>
    main()
  File "C:\Users\14214\Desktop\pwd_glgj\密码管理系统-步骤执行更直观\main.py", line 75, in main
    user_settings.user_settings.reset_guides()
AttributeError: 'UserSettings' object has no attribute 'user_settings'

2025-03-22 11:53:50,928 - root - INFO - 密码管理系统启动
2025-03-22 11:53:50,928 - root - INFO - 初始化用户设置模块...
2025-03-22 11:53:50,929 - root - INFO - 用户设置模块已初始化
2025-03-22 11:53:50,932 - root - INFO - 已重置所有引导记录
2025-03-22 11:54:02,498 - user - INFO - 用户 admin 登录成功
2025-03-22 11:54:02,499 - login_ui - INFO - 用户 admin 登录成功
2025-03-22 11:54:02,501 - root - INFO - 用户 admin 登录成功，准备打开密码管理界面
2025-03-22 11:54:02,549 - ui.password_manager.ui_table.base_table - INFO - 已设置必填字段自定义委托
2025-03-22 11:54:06,200 - ui.password_manager.ui_guide - INFO - 用户已完成引导: password_update
2025-03-22 11:54:06,207 - ui.password_manager.ui_guide - INFO - 显示引导: password_update, 结果: 接受
2025-03-22 11:54:07,000 - ui.password_manager.ui_table.table_events - INFO - 右键菜单 - 当前行: 8, 当前列: 3, 选中行数: 1, 选中行: [8]
2025-03-22 11:54:07,001 - ui.password_manager.ui_table.table_events - INFO - 选中的密码单元格数量: 0
2025-03-22 11:54:07,002 - ui.password_manager.ui_table.table_events - INFO - 准备添加'添加行'子菜单 (选中行数: 1)
2025-03-22 11:54:07,002 - ui.password_manager.ui_table.table_events - INFO - 已添加'添加行'子菜单，包含上方、下方和末尾三个选项
2025-03-22 11:54:07,003 - ui.password_manager.ui_table.table_events - INFO - 已添加'编辑行'选项
2025-03-22 11:54:08,545 - ui.password_manager.ui_table.table_events - INFO - 尝试在行8（上方）添加新行 [添加方式: 上方]
2025-03-22 11:54:08,546 - ui.password_manager.ui_table.table_edit - INFO - 在位置 7 添加新行
2025-03-22 11:54:12,981 - ui.password_manager.ui_guide - INFO - 用户已完成引导: first_edit
2025-03-22 11:54:12,991 - ui.password_manager.ui_guide - INFO - 显示引导: first_edit, 结果: 接受
2025-03-22 11:54:12,994 - ui.password_manager.ui_guide - INFO - 用户已完成引导: first_edit，跳过显示
2025-03-22 11:54:12,996 - ui.password_manager.ui_table.table_events - ERROR - 在行8（上方）添加新行时出错: '>=' not supported between instances of 'NoneType' and 'int' [添加方式: 上方]
2025-03-22 11:54:16,863 - user - INFO - 用户已登出
2025-03-22 11:54:33,364 - root - INFO - 密码管理系统启动
2025-03-22 11:54:33,364 - root - INFO - 初始化用户设置模块...
2025-03-22 11:54:33,364 - root - INFO - 用户设置模块已初始化
2025-03-22 11:54:34,722 - user - INFO - 用户 admin 登录成功
2025-03-22 11:54:34,723 - login_ui - INFO - 用户 admin 登录成功
2025-03-22 11:54:34,724 - root - INFO - 用户 admin 登录成功，准备打开密码管理界面
2025-03-22 11:54:34,774 - ui.password_manager.ui_table.base_table - INFO - 已设置必填字段自定义委托
2025-03-22 11:54:34,845 - ui.password_manager.ui_guide - INFO - 用户已完成引导: password_update，跳过显示
2025-03-22 11:54:35,593 - ui.password_manager.ui_table.table_events - INFO - 右键菜单 - 当前行: 8, 当前列: 3, 选中行数: 1, 选中行: [8]
2025-03-22 11:54:35,593 - ui.password_manager.ui_table.table_events - INFO - 选中的密码单元格数量: 0
2025-03-22 11:54:35,594 - ui.password_manager.ui_table.table_events - INFO - 准备添加'添加行'子菜单 (选中行数: 1)
2025-03-22 11:54:35,594 - ui.password_manager.ui_table.table_events - INFO - 已添加'添加行'子菜单，包含上方、下方和末尾三个选项
2025-03-22 11:54:35,595 - ui.password_manager.ui_table.table_events - INFO - 已添加'编辑行'选项
2025-03-22 11:54:36,220 - ui.password_manager.ui_guide - INFO - 用户已完成引导: first_edit，跳过显示
2025-03-22 11:54:36,221 - ui.password_manager.ui_guide - INFO - 用户已完成引导: first_edit，跳过显示
2025-03-22 11:54:44,130 - ui.password_manager.ui_table.table_edit - INFO - 取消编辑 - 第7行: CRM系统
2025-03-22 11:54:44,132 - ui.password_manager.ui_table.table_edit - INFO - 取消编辑完成，已恢复原始数据
2025-03-22 11:54:44,874 - ui.password_manager.ui_table.table_events - INFO - 右键菜单 - 当前行: 8, 当前列: 4, 选中行数: 1, 选中行: [8]
2025-03-22 11:54:44,875 - ui.password_manager.ui_table.table_events - INFO - 选中的密码单元格数量: 0
2025-03-22 11:54:44,876 - ui.password_manager.ui_table.table_events - INFO - 准备添加'添加行'子菜单 (选中行数: 1)
2025-03-22 11:54:44,876 - ui.password_manager.ui_table.table_events - INFO - 已添加'添加行'子菜单，包含上方、下方和末尾三个选项
2025-03-22 11:54:44,877 - ui.password_manager.ui_table.table_events - INFO - 已添加'编辑行'选项
2025-03-22 11:54:47,990 - ui.password_manager.ui_guide - INFO - 用户已完成引导: first_edit
2025-03-22 11:54:48,003 - ui.password_manager.ui_guide - INFO - 显示引导: first_edit, 结果: 接受
2025-03-22 11:54:48,005 - ui.password_manager.ui_guide - INFO - 用户已完成引导: first_edit，跳过显示
2025-03-22 11:54:52,722 - ui.password_manager.ui_table.table_edit - INFO - 取消编辑 - 第7行: CRM系统
2025-03-22 11:54:52,723 - ui.password_manager.ui_table.table_edit - INFO - 取消编辑完成，已恢复原始数据
2025-03-22 11:54:53,473 - user - INFO - 用户已登出
2025-03-22 11:54:55,387 - root - INFO - 密码管理系统启动
2025-03-22 11:54:55,388 - root - INFO - 初始化用户设置模块...
2025-03-22 11:54:55,388 - root - INFO - 用户设置模块已初始化
2025-03-22 11:54:56,786 - user - INFO - 用户 admin 登录成功
2025-03-22 11:54:56,787 - login_ui - INFO - 用户 admin 登录成功
2025-03-22 11:54:56,788 - root - INFO - 用户 admin 登录成功，准备打开密码管理界面
2025-03-22 11:54:56,842 - ui.password_manager.ui_table.base_table - INFO - 已设置必填字段自定义委托
2025-03-22 11:55:18,933 - ui.password_manager.ui_guide - INFO - 用户已完成引导: password_update
2025-03-22 11:55:18,941 - ui.password_manager.ui_guide - INFO - 显示引导: password_update, 结果: 接受
2025-03-22 11:55:22,771 - ui.password_manager.ui_table.table_events - INFO - 右键菜单 - 当前行: 6, 当前列: 2, 选中行数: 1, 选中行: [6]
2025-03-22 11:55:22,773 - ui.password_manager.ui_table.table_events - INFO - 选中的密码单元格数量: 0
2025-03-22 11:55:22,773 - ui.password_manager.ui_table.table_events - INFO - 准备添加'添加行'子菜单 (选中行数: 1)
2025-03-22 11:55:22,774 - ui.password_manager.ui_table.table_events - INFO - 已添加'添加行'子菜单，包含上方、下方和末尾三个选项
2025-03-22 11:55:22,774 - ui.password_manager.ui_table.table_events - INFO - 已添加'编辑行'选项
2025-03-22 11:55:32,166 - ui.password_manager.ui_guide - INFO - 显示引导: first_edit, 结果: 拒绝
2025-03-22 11:55:33,170 - ui.password_manager.ui_guide - INFO - 显示引导: first_edit, 结果: 拒绝
2025-03-22 11:59:00,306 - root - INFO - 密码管理系统启动
2025-03-22 11:59:00,306 - root - INFO - 初始化用户设置模块...
2025-03-22 11:59:00,307 - root - INFO - 用户设置模块已初始化
2025-03-22 11:59:01,590 - user - INFO - 用户 admin 登录成功
2025-03-22 11:59:01,591 - login_ui - INFO - 用户 admin 登录成功
2025-03-22 11:59:01,592 - root - INFO - 用户 admin 登录成功，准备打开密码管理界面
2025-03-22 11:59:01,651 - ui.password_manager.ui_table.base_table - INFO - 已设置必填字段自定义委托
2025-03-22 11:59:01,721 - ui.password_manager.ui_guide - INFO - 用户已完成引导: password_update，跳过显示
2025-03-22 11:59:15,233 - ui.password_manager.ui_guide - INFO - 用户已完成引导: password_update
2025-03-22 11:59:15,243 - ui.password_manager.ui_guide - INFO - 显示引导: password_update, 结果: 接受
2025-03-22 11:59:23,116 - ui.password_manager.ui_guide - INFO - 用户已完成引导: first_edit
2025-03-22 11:59:23,127 - ui.password_manager.ui_guide - INFO - 显示引导: first_edit, 结果: 接受
2025-03-22 11:59:49,887 - ui.password_manager.ui_guide - INFO - 用户已完成引导: password_field
2025-03-22 11:59:49,894 - ui.password_manager.ui_guide - INFO - 显示引导: password_field, 结果: 接受
2025-03-22 11:59:59,717 - ui.password_manager.ui_guide - INFO - 用户已完成引导: ip_field
2025-03-22 11:59:59,725 - ui.password_manager.ui_guide - INFO - 显示引导: ip_field, 结果: 接受
2025-03-22 12:00:06,248 - ui.password_manager.ui_table.table_events - INFO - 右键菜单 - 当前行: 8, 当前列: 4, 选中行数: 1, 选中行: [8]
2025-03-22 12:00:06,249 - ui.password_manager.ui_table.table_events - INFO - 选中的密码单元格数量: 0
2025-03-22 12:00:06,250 - ui.password_manager.ui_table.table_events - INFO - 准备添加'添加行'子菜单 (选中行数: 1)
2025-03-22 12:00:06,250 - ui.password_manager.ui_table.table_events - INFO - 已添加'添加行'子菜单，包含上方、下方和末尾三个选项
2025-03-22 12:00:06,251 - ui.password_manager.ui_table.table_events - INFO - 已添加'编辑行'选项
2025-03-22 12:00:07,383 - ui.password_manager.ui_guide - INFO - 用户已完成引导: first_edit，跳过显示
2025-03-22 12:00:07,384 - ui.password_manager.ui_guide - INFO - 用户已完成引导: first_edit，跳过显示
2025-03-22 12:00:10,185 - ui.password_manager.ui_table.table_edit - INFO - 取消编辑 - 第7行: CRM系统
2025-03-22 12:00:10,186 - ui.password_manager.ui_table.table_edit - INFO - 取消编辑完成，已恢复原始数据
2025-03-22 12:00:11,829 - ui.password_manager.ui_table.table_events - INFO - 右键菜单 - 当前行: 8, 当前列: 5, 选中行数: 1, 选中行: [8]
2025-03-22 12:00:11,829 - ui.password_manager.ui_table.table_events - INFO - 选中的密码单元格数量: 1
2025-03-22 12:00:11,830 - ui.password_manager.ui_table.table_events - INFO - 准备添加'添加行'子菜单 (选中行数: 1)
2025-03-22 12:00:11,831 - ui.password_manager.ui_table.table_events - INFO - 已添加'添加行'子菜单，包含上方、下方和末尾三个选项
2025-03-22 12:00:11,831 - ui.password_manager.ui_table.table_events - INFO - 已添加'编辑行'选项
2025-03-22 12:00:12,819 - ui.password_manager.ui_guide - INFO - 用户已完成引导: first_edit，跳过显示
2025-03-22 12:00:12,820 - ui.password_manager.ui_guide - INFO - 用户已完成引导: first_edit，跳过显示
2025-03-22 12:00:14,136 - ui.password_manager.ui_table.table_edit - INFO - 取消编辑 - 第7行: CRM系统
2025-03-22 12:00:14,137 - ui.password_manager.ui_table.table_edit - INFO - 取消编辑完成，已恢复原始数据
2025-03-22 12:00:16,179 - ui.password_manager.ui_table.table_events - INFO - 右键菜单 - 当前行: 5, 当前列: 5, 选中行数: 1, 选中行: [5]
2025-03-22 12:00:16,179 - ui.password_manager.ui_table.table_events - INFO - 选中的密码单元格数量: 1
2025-03-22 12:00:16,180 - ui.password_manager.ui_table.table_events - INFO - 准备添加'添加行'子菜单 (选中行数: 1)
2025-03-22 12:00:16,181 - ui.password_manager.ui_table.table_events - INFO - 已添加'添加行'子菜单，包含上方、下方和末尾三个选项
2025-03-22 12:00:16,181 - ui.password_manager.ui_table.table_events - INFO - 已添加'编辑行'选项
2025-03-22 12:00:18,720 - ui.password_manager.ui_table.table_events - INFO - 右键菜单 - 当前行: 4, 当前列: 4, 选中行数: 1, 选中行: [4]
2025-03-22 12:00:18,721 - ui.password_manager.ui_table.table_events - INFO - 选中的密码单元格数量: 0
2025-03-22 12:00:18,721 - ui.password_manager.ui_table.table_events - INFO - 准备添加'添加行'子菜单 (选中行数: 1)
2025-03-22 12:00:18,722 - ui.password_manager.ui_table.table_events - INFO - 已添加'添加行'子菜单，包含上方、下方和末尾三个选项
2025-03-22 12:00:18,722 - ui.password_manager.ui_table.table_events - INFO - 已添加'编辑行'选项
2025-03-22 12:00:19,458 - ui.password_manager.ui_guide - INFO - 用户已完成引导: first_edit，跳过显示
2025-03-22 12:00:19,459 - ui.password_manager.ui_guide - INFO - 用户已完成引导: first_edit，跳过显示
2025-03-22 12:00:20,494 - ui.password_manager.ui_guide - INFO - 用户已完成引导: password_field，跳过显示
2025-03-22 12:00:20,495 - ui.password_manager.ui_guide - INFO - 用户已完成引导: password_field，跳过显示
2025-03-22 12:00:20,495 - ui.password_manager.ui_guide - INFO - 用户已完成引导: password_field，跳过显示
2025-03-22 12:00:20,496 - ui.password_manager.ui_guide - INFO - 用户已完成引导: password_field，跳过显示
2025-03-22 12:00:20,496 - ui.password_manager.ui_guide - INFO - 用户已完成引导: password_field，跳过显示
2025-03-22 12:00:20,497 - ui.password_manager.ui_guide - INFO - 用户已完成引导: password_field，跳过显示
2025-03-22 12:00:21,375 - ui.password_manager.ui_table.table_edit - INFO - 取消编辑 - 第3行: Jenkins
2025-03-22 12:00:21,376 - ui.password_manager.ui_table.table_edit - INFO - 取消编辑完成，已恢复原始数据
2025-03-22 12:00:23,992 - user - INFO - 用户已登出
2025-03-22 12:00:26,412 - ui.password_manager.ui_table.table_edit - INFO - 取消编辑 - 第5行: MongoDB
2025-03-22 12:00:26,413 - ui.password_manager.ui_table.table_edit - INFO - 取消编辑完成，已恢复原始数据
2025-03-22 12:00:27,125 - user - INFO - 用户已登出
2025-03-22 12:00:36,197 - root - INFO - 密码管理系统启动
2025-03-22 12:00:36,197 - root - INFO - 初始化用户设置模块...
2025-03-22 12:00:36,197 - root - INFO - 用户设置模块已初始化
2025-03-22 12:00:37,398 - user - INFO - 用户 admin 登录成功
2025-03-22 12:00:37,398 - login_ui - INFO - 用户 admin 登录成功
2025-03-22 12:00:37,399 - root - INFO - 用户 admin 登录成功，准备打开密码管理界面
2025-03-22 12:00:37,465 - ui.password_manager.ui_table.base_table - INFO - 已设置必填字段自定义委托
2025-03-22 12:00:37,551 - ui.password_manager.ui_guide - INFO - 用户已完成引导: password_update，跳过显示
2025-03-22 12:00:38,391 - ui.password_manager.ui_table.table_events - INFO - 右键菜单 - 当前行: 4, 当前列: 3, 选中行数: 1, 选中行: [4]
2025-03-22 12:00:38,392 - ui.password_manager.ui_table.table_events - INFO - 选中的密码单元格数量: 0
2025-03-22 12:00:38,393 - ui.password_manager.ui_table.table_events - INFO - 准备添加'添加行'子菜单 (选中行数: 1)
2025-03-22 12:00:38,394 - ui.password_manager.ui_table.table_events - INFO - 已添加'添加行'子菜单，包含上方、下方和末尾三个选项
2025-03-22 12:00:38,394 - ui.password_manager.ui_table.table_events - INFO - 已添加'编辑行'选项
2025-03-22 12:00:39,219 - ui.password_manager.ui_guide - INFO - 用户已完成引导: first_edit，跳过显示
2025-03-22 12:00:39,220 - ui.password_manager.ui_guide - INFO - 用户已完成引导: first_edit，跳过显示
2025-03-22 12:00:40,333 - ui.password_manager.ui_table.table_edit - INFO - 取消编辑 - 第3行: Jenkins
2025-03-22 12:00:40,334 - ui.password_manager.ui_table.table_edit - INFO - 取消编辑完成，已恢复原始数据
2025-03-22 12:00:41,032 - user - INFO - 用户已登出
2025-03-22 12:00:47,702 - root - INFO - 密码管理系统启动
2025-03-22 12:00:47,702 - root - INFO - 初始化用户设置模块...
2025-03-22 12:00:47,702 - root - INFO - 用户设置模块已初始化
2025-03-22 12:00:49,720 - user - INFO - 用户 admin 登录成功
2025-03-22 12:00:49,720 - login_ui - INFO - 用户 admin 登录成功
2025-03-22 12:00:49,722 - root - INFO - 用户 admin 登录成功，准备打开密码管理界面
2025-03-22 12:00:49,781 - ui.password_manager.ui_table.base_table - INFO - 已设置必填字段自定义委托
2025-03-22 12:00:49,847 - ui.password_manager.ui_guide - INFO - 用户已完成引导: password_update，跳过显示
2025-03-22 12:00:51,214 - ui.password_manager.ui_table.table_events - INFO - 右键菜单 - 当前行: 2, 当前列: 1, 选中行数: 1, 选中行: [2]
2025-03-22 12:00:51,215 - ui.password_manager.ui_table.table_events - INFO - 选中的密码单元格数量: 0
2025-03-22 12:00:51,216 - ui.password_manager.ui_table.table_events - INFO - 准备添加'添加行'子菜单 (选中行数: 1)
2025-03-22 12:00:51,216 - ui.password_manager.ui_table.table_events - INFO - 已添加'添加行'子菜单，包含上方、下方和末尾三个选项
2025-03-22 12:00:51,216 - ui.password_manager.ui_table.table_events - INFO - 已添加'编辑行'选项
2025-03-22 12:00:53,124 - ui.password_manager.ui_table.table_events - INFO - 尝试在行2（上方）添加新行 [添加方式: 上方]
2025-03-22 12:00:53,124 - ui.password_manager.ui_table.table_edit - INFO - 在位置 1 添加新行
2025-03-22 12:00:53,130 - ui.password_manager.ui_guide - INFO - 用户已完成引导: first_edit，跳过显示
2025-03-22 12:00:53,131 - ui.password_manager.ui_guide - INFO - 用户已完成引导: first_edit，跳过显示
2025-03-22 12:00:53,132 - ui.password_manager.ui_table.table_events - ERROR - 在行2（上方）添加新行时出错: '>=' not supported between instances of 'NoneType' and 'int' [添加方式: 上方]
2025-03-22 12:00:59,954 - ui.password_manager.ui_table.table_edit - INFO - 取消编辑 - 第1行: 
2025-03-22 12:00:59,954 - ui.password_manager.ui_table.table_edit - INFO - 取消编辑完成，已恢复原始数据
2025-03-22 12:01:01,623 - ui.password_manager.ui_table.table_events - INFO - 右键菜单 - 当前行: 2, 当前列: 3, 选中行数: 1, 选中行: [2]
2025-03-22 12:01:01,623 - ui.password_manager.ui_table.table_events - INFO - 选中的密码单元格数量: 0
2025-03-22 12:01:01,624 - ui.password_manager.ui_table.table_events - INFO - 准备添加'添加行'子菜单 (选中行数: 1)
2025-03-22 12:01:01,625 - ui.password_manager.ui_table.table_events - INFO - 已添加'添加行'子菜单，包含上方、下方和末尾三个选项
2025-03-22 12:01:01,625 - ui.password_manager.ui_table.table_events - INFO - 已添加'编辑行'选项
2025-03-22 12:01:02,789 - ui.password_manager.ui_guide - INFO - 用户已完成引导: first_edit，跳过显示
2025-03-22 12:01:02,789 - ui.password_manager.ui_guide - INFO - 用户已完成引导: first_edit，跳过显示
2025-03-22 12:01:06,729 - ui.password_manager.ui_table.table_edit - INFO - 取消编辑 - 第1行: 域控制器
2025-03-22 12:01:06,730 - ui.password_manager.ui_table.table_edit - INFO - 取消编辑完成，已恢复原始数据
2025-03-22 12:01:11,958 - ui.password_manager.ui_table.table_events - INFO - 右键菜单 - 当前行: 3, 当前列: 3, 选中行数: 1, 选中行: [3]
2025-03-22 12:01:11,958 - ui.password_manager.ui_table.table_events - INFO - 选中的密码单元格数量: 0
2025-03-22 12:01:11,959 - ui.password_manager.ui_table.table_events - INFO - 准备添加'添加行'子菜单 (选中行数: 1)
2025-03-22 12:01:11,961 - ui.password_manager.ui_table.table_events - INFO - 已添加'添加行'子菜单，包含上方、下方和末尾三个选项
2025-03-22 12:01:11,961 - ui.password_manager.ui_table.table_events - INFO - 已添加'编辑行'选项
2025-03-22 12:01:12,768 - ui.password_manager.ui_guide - INFO - 用户已完成引导: first_edit，跳过显示
2025-03-22 12:01:12,769 - ui.password_manager.ui_guide - INFO - 用户已完成引导: first_edit，跳过显示
2025-03-22 12:01:26,923 - ui.password_manager.ui_table.table_edit - INFO - 取消编辑 - 第2行: 监控系统
2025-03-22 12:01:26,924 - ui.password_manager.ui_table.table_edit - INFO - 取消编辑完成，已恢复原始数据
2025-03-22 12:01:27,575 - ui.password_manager.ui_table.table_events - INFO - 右键菜单 - 当前行: 6, 当前列: 2, 选中行数: 1, 选中行: [6]
2025-03-22 12:01:27,576 - ui.password_manager.ui_table.table_events - INFO - 选中的密码单元格数量: 0
2025-03-22 12:01:27,577 - ui.password_manager.ui_table.table_events - INFO - 准备添加'添加行'子菜单 (选中行数: 1)
2025-03-22 12:01:27,577 - ui.password_manager.ui_table.table_events - INFO - 已添加'添加行'子菜单，包含上方、下方和末尾三个选项
2025-03-22 12:01:27,578 - ui.password_manager.ui_table.table_events - INFO - 已添加'编辑行'选项
2025-03-22 12:01:28,522 - ui.password_manager.ui_guide - INFO - 用户已完成引导: first_edit，跳过显示
2025-03-22 12:01:28,523 - ui.password_manager.ui_guide - INFO - 用户已完成引导: first_edit，跳过显示
2025-03-22 12:01:36,855 - ui.password_manager.ui_guide - INFO - 用户已完成引导: password_field，跳过显示
2025-03-22 12:01:36,856 - ui.password_manager.ui_guide - INFO - 用户已完成引导: password_field，跳过显示
2025-03-22 12:01:36,857 - ui.password_manager.ui_guide - INFO - 用户已完成引导: password_field，跳过显示
2025-03-22 12:01:36,857 - ui.password_manager.ui_guide - INFO - 用户已完成引导: password_field，跳过显示
2025-03-22 12:01:36,857 - ui.password_manager.ui_guide - INFO - 用户已完成引导: password_field，跳过显示
2025-03-22 12:01:36,858 - ui.password_manager.ui_guide - INFO - 用户已完成引导: password_field，跳过显示
2025-03-22 12:01:36,858 - ui.password_manager.ui_guide - INFO - 用户已完成引导: password_field，跳过显示
2025-03-22 12:01:36,858 - ui.password_manager.ui_guide - INFO - 用户已完成引导: password_field，跳过显示
2025-03-22 12:01:37,544 - ui.password_manager.ui_table.table_edit - INFO - 取消编辑 - 第5行: MongoDB
2025-03-22 12:01:37,545 - ui.password_manager.ui_table.table_edit - INFO - 取消编辑完成，已恢复原始数据
2025-03-22 12:01:38,942 - ui.password_manager.ui_table.table_events - INFO - 右键菜单 - 当前行: 9, 当前列: 4, 选中行数: 1, 选中行: [9]
2025-03-22 12:01:38,943 - ui.password_manager.ui_table.table_events - INFO - 选中的密码单元格数量: 0
2025-03-22 12:01:38,943 - ui.password_manager.ui_table.table_events - INFO - 准备添加'添加行'子菜单 (选中行数: 1)
2025-03-22 12:01:38,944 - ui.password_manager.ui_table.table_events - INFO - 已添加'添加行'子菜单，包含上方、下方和末尾三个选项
2025-03-22 12:01:38,944 - ui.password_manager.ui_table.table_events - INFO - 已添加'编辑行'选项
2025-03-22 12:01:39,675 - ui.password_manager.ui_guide - INFO - 用户已完成引导: first_edit，跳过显示
2025-03-22 12:01:39,675 - ui.password_manager.ui_guide - INFO - 用户已完成引导: first_edit，跳过显示
2025-03-22 12:01:42,042 - ui.password_manager.ui_table.table_edit - INFO - 取消编辑 - 第8行: 路由器
2025-03-22 12:01:42,043 - ui.password_manager.ui_table.table_edit - INFO - 取消编辑完成，已恢复原始数据
2025-03-22 12:07:13,688 - user - INFO - 用户已登出
2025-03-22 12:08:25,554 - root - INFO - 密码管理系统启动
2025-03-22 12:08:25,555 - root - INFO - 初始化用户设置模块...
2025-03-22 12:08:25,555 - root - INFO - 用户设置模块已初始化
2025-03-22 12:08:26,983 - user - INFO - 用户 admin 登录成功
2025-03-22 12:08:26,984 - login_ui - INFO - 用户 admin 登录成功
2025-03-22 12:08:26,985 - root - INFO - 用户 admin 登录成功，准备打开密码管理界面
2025-03-22 12:08:27,044 - ui.password_manager.ui_table.base_table - INFO - 已设置必填字段自定义委托
2025-03-22 12:08:27,124 - ui.password_manager.ui_guide - INFO - 用户已完成引导: password_update，跳过显示
2025-03-22 12:08:29,219 - ui.password_manager.ui_table.table_events - INFO - 右键菜单 - 当前行: 6, 当前列: 2, 选中行数: 1, 选中行: [6]
2025-03-22 12:08:29,220 - ui.password_manager.ui_table.table_events - INFO - 选中的密码单元格数量: 0
2025-03-22 12:08:29,221 - ui.password_manager.ui_table.table_events - INFO - 准备添加'添加行'子菜单 (选中行数: 1)
2025-03-22 12:08:29,222 - ui.password_manager.ui_table.table_events - INFO - 已添加'添加行'子菜单，包含上方、下方和末尾三个选项
2025-03-22 12:08:29,223 - ui.password_manager.ui_table.table_events - INFO - 已添加'编辑行'选项
2025-03-22 12:08:30,009 - ui.password_manager.ui_guide - INFO - 用户已完成引导: first_edit，跳过显示
2025-03-22 12:08:30,010 - ui.password_manager.ui_guide - INFO - 用户已完成引导: first_edit，跳过显示
2025-03-22 12:09:16,663 - root - INFO - 密码管理系统启动
2025-03-22 12:09:16,664 - root - INFO - 初始化用户设置模块...
2025-03-22 12:09:16,664 - root - INFO - 用户设置模块已初始化
2025-03-22 12:09:18,121 - user - INFO - 用户 admin 登录成功
2025-03-22 12:09:18,122 - login_ui - INFO - 用户 admin 登录成功
2025-03-22 12:09:18,123 - root - INFO - 用户 admin 登录成功，准备打开密码管理界面
2025-03-22 12:09:18,189 - ui.password_manager.ui_table.base_table - INFO - 已设置必填字段自定义委托
2025-03-22 12:09:18,270 - ui.password_manager.ui_guide - INFO - 用户已完成引导: password_update，跳过显示
2025-03-22 12:09:18,728 - ui.password_manager.ui_table.table_events - INFO - 右键菜单 - 当前行: 8, 当前列: 4, 选中行数: 1, 选中行: [8]
2025-03-22 12:09:18,728 - ui.password_manager.ui_table.table_events - INFO - 选中的密码单元格数量: 0
2025-03-22 12:09:18,729 - ui.password_manager.ui_table.table_events - INFO - 准备添加'添加行'子菜单 (选中行数: 1)
2025-03-22 12:09:18,730 - ui.password_manager.ui_table.table_events - INFO - 已添加'添加行'子菜单，包含上方、下方和末尾三个选项
2025-03-22 12:09:18,730 - ui.password_manager.ui_table.table_events - INFO - 已添加'编辑行'选项
2025-03-22 12:09:19,641 - ui.password_manager.ui_guide - INFO - 用户已完成引导: first_edit，跳过显示
2025-03-22 12:09:19,642 - ui.password_manager.ui_guide - INFO - 用户已完成引导: first_edit，跳过显示
2025-03-22 12:09:24,197 - ui.password_manager.ui_guide - INFO - 用户已完成引导: ip_field，跳过显示
2025-03-22 12:09:24,197 - ui.password_manager.ui_guide - INFO - 用户已完成引导: ip_field，跳过显示
2025-03-22 12:09:51,927 - user - INFO - 用户已登出
2025-03-22 12:16:44,425 - root - INFO - 密码管理系统启动
2025-03-22 12:16:44,425 - root - INFO - 初始化用户设置模块...
2025-03-22 12:16:44,425 - root - INFO - 用户设置模块已初始化
2025-03-22 12:16:49,373 - user - INFO - 用户 admin 登录成功
2025-03-22 12:16:49,374 - login_ui - INFO - 用户 admin 登录成功
2025-03-22 12:16:49,375 - root - INFO - 用户 admin 登录成功，准备打开密码管理界面
2025-03-22 12:16:49,428 - ui.password_manager.ui_table.base_table - INFO - 已设置必填字段自定义委托
2025-03-22 12:16:49,511 - ui.password_manager.ui_guide - INFO - 用户已完成引导: password_update，跳过显示
2025-03-22 12:16:51,219 - ui.password_manager.ui_table.table_events - INFO - 右键菜单 - 当前行: 5, 当前列: 3, 选中行数: 1, 选中行: [5]
2025-03-22 12:16:51,220 - ui.password_manager.ui_table.table_events - INFO - 选中的密码单元格数量: 0
2025-03-22 12:16:51,221 - ui.password_manager.ui_table.table_events - INFO - 准备添加'添加行'子菜单 (选中行数: 1)
2025-03-22 12:16:51,221 - ui.password_manager.ui_table.table_events - INFO - 已添加'添加行'子菜单，包含上方、下方和末尾三个选项
2025-03-22 12:16:51,222 - ui.password_manager.ui_table.table_events - INFO - 已添加'编辑行'选项
2025-03-22 12:16:51,938 - ui.password_manager.ui_guide - INFO - 用户已完成引导: first_edit，跳过显示
2025-03-22 12:16:51,939 - ui.password_manager.ui_guide - INFO - 用户已完成引导: first_edit，跳过显示
2025-03-22 12:16:53,405 - ui.password_manager.ui_guide - INFO - 用户已完成引导: ip_field，跳过显示
2025-03-22 12:16:53,406 - ui.password_manager.ui_guide - INFO - 用户已完成引导: ip_field，跳过显示
2025-03-22 12:16:58,501 - ui.password_manager.ui_table.table_edit - INFO - 取消编辑 - 第4行: SQL Server
2025-03-22 12:16:58,502 - ui.password_manager.ui_table.table_edit - INFO - 取消编辑完成，已恢复原始数据
2025-03-22 12:17:03,483 - ui.password_manager.ui_table.table_events - INFO - 右键菜单 - 当前行: 6, 当前列: 3, 选中行数: 1, 选中行: [6]
2025-03-22 12:17:03,484 - ui.password_manager.ui_table.table_events - INFO - 选中的密码单元格数量: 0
2025-03-22 12:17:03,485 - ui.password_manager.ui_table.table_events - INFO - 准备添加'添加行'子菜单 (选中行数: 1)
2025-03-22 12:17:03,485 - ui.password_manager.ui_table.table_events - INFO - 已添加'添加行'子菜单，包含上方、下方和末尾三个选项
2025-03-22 12:17:03,486 - ui.password_manager.ui_table.table_events - INFO - 已添加'编辑行'选项
2025-03-22 12:17:05,068 - ui.password_manager.ui_table.table_events - INFO - 尝试在行6（上方）添加新行 [添加方式: 上方]
2025-03-22 12:17:05,068 - ui.password_manager.ui_table.table_edit - INFO - 在位置 5 添加新行
2025-03-22 12:17:05,073 - ui.password_manager.ui_guide - INFO - 用户已完成引导: first_edit，跳过显示
2025-03-22 12:17:05,074 - ui.password_manager.ui_guide - INFO - 用户已完成引导: first_edit，跳过显示
2025-03-22 12:17:05,076 - ui.password_manager.ui_table.table_events - ERROR - 在行6（上方）添加新行时出错: '>=' not supported between instances of 'NoneType' and 'int' [添加方式: 上方]
2025-03-22 12:17:09,589 - ui.password_manager.ui_guide - INFO - 用户已完成引导: ip_field，跳过显示
2025-03-22 12:17:09,590 - ui.password_manager.ui_guide - INFO - 用户已完成引导: ip_field，跳过显示
2025-03-22 12:17:09,590 - ui.password_manager.ui_guide - INFO - 用户已完成引导: ip_field，跳过显示
2025-03-22 12:17:09,590 - ui.password_manager.ui_guide - INFO - 用户已完成引导: ip_field，跳过显示
2025-03-22 12:17:15,813 - ui.password_manager.ui_table.table_edit - INFO - 取消编辑 - 第5行: 
2025-03-22 12:17:15,814 - ui.password_manager.ui_table.table_edit - INFO - 取消编辑完成，已恢复原始数据
2025-03-22 12:21:23,016 - ui.password_manager.ui_table.table_events - INFO - 右键菜单 - 当前行: 5, 当前列: 4, 选中行数: 1, 选中行: [5]
2025-03-22 12:21:23,017 - ui.password_manager.ui_table.table_events - INFO - 选中的密码单元格数量: 0
2025-03-22 12:21:23,018 - ui.password_manager.ui_table.table_events - INFO - 准备添加'添加行'子菜单 (选中行数: 1)
2025-03-22 12:21:23,019 - ui.password_manager.ui_table.table_events - INFO - 已添加'添加行'子菜单，包含上方、下方和末尾三个选项
2025-03-22 12:21:23,020 - ui.password_manager.ui_table.table_events - INFO - 已添加'编辑行'选项
2025-03-22 12:21:27,934 - ui.password_manager.ui_table.table_events - INFO - 右键菜单 - 当前行: 6, 当前列: 4, 选中行数: 1, 选中行: [6]
2025-03-22 12:21:27,935 - ui.password_manager.ui_table.table_events - INFO - 选中的密码单元格数量: 0
2025-03-22 12:21:27,935 - ui.password_manager.ui_table.table_events - INFO - 准备添加'添加行'子菜单 (选中行数: 1)
2025-03-22 12:21:27,936 - ui.password_manager.ui_table.table_events - INFO - 已添加'添加行'子菜单，包含上方、下方和末尾三个选项
2025-03-22 12:21:27,936 - ui.password_manager.ui_table.table_events - INFO - 已添加'编辑行'选项
2025-03-22 12:21:30,076 - user - INFO - 用户已登出
2025-03-22 12:22:04,778 - root - INFO - 密码管理系统启动
2025-03-22 12:22:04,779 - root - INFO - 初始化用户设置模块...
2025-03-22 12:22:04,780 - root - INFO - 用户设置模块已初始化
2025-03-22 12:22:08,514 - user - INFO - 用户 admin 登录成功
2025-03-22 12:22:08,515 - login_ui - INFO - 用户 admin 登录成功
2025-03-22 12:22:08,516 - root - INFO - 用户 admin 登录成功，准备打开密码管理界面
2025-03-22 12:22:08,568 - ui.password_manager.ui_table.base_table - INFO - 已设置必填字段自定义委托
2025-03-22 12:22:08,664 - ui.password_manager.ui_guide - INFO - 用户已完成引导: password_update，跳过显示
2025-03-22 12:22:09,533 - ui.password_manager.ui_table.table_events - INFO - 右键菜单 - 当前行: 6, 当前列: 4, 选中行数: 1, 选中行: [6]
2025-03-22 12:22:09,534 - ui.password_manager.ui_table.table_events - INFO - 选中的密码单元格数量: 0
2025-03-22 12:22:09,534 - ui.password_manager.ui_table.table_events - INFO - 准备添加'添加行'子菜单 (选中行数: 1)
2025-03-22 12:22:09,535 - ui.password_manager.ui_table.table_events - INFO - 已添加'添加行'子菜单，包含上方、下方和末尾三个选项
2025-03-22 12:22:09,536 - ui.password_manager.ui_table.table_events - INFO - 已添加'编辑行'选项
2025-03-22 12:22:10,395 - ui.password_manager.ui_guide - INFO - 用户已完成引导: first_edit，跳过显示
2025-03-22 12:22:10,395 - ui.password_manager.ui_guide - INFO - 用户已完成引导: first_edit，跳过显示
2025-03-22 12:22:12,674 - ui.password_manager.ui_table.table_edit - INFO - 取消编辑 - 第5行: MongoDB
2025-03-22 12:22:12,675 - ui.password_manager.ui_table.table_edit - INFO - 取消编辑完成，已恢复原始数据
2025-03-22 12:22:13,841 - user - INFO - 用户已登出
2025-03-22 12:22:16,069 - root - INFO - 密码管理系统启动
2025-03-22 12:22:16,070 - root - INFO - 初始化用户设置模块...
2025-03-22 12:22:16,070 - root - INFO - 用户设置模块已初始化
2025-03-22 12:22:17,689 - user - INFO - 用户 admin 登录成功
2025-03-22 12:22:17,690 - login_ui - INFO - 用户 admin 登录成功
2025-03-22 12:22:17,691 - root - INFO - 用户 admin 登录成功，准备打开密码管理界面
2025-03-22 12:22:17,753 - ui.password_manager.ui_table.base_table - INFO - 已设置必填字段自定义委托
2025-03-22 12:22:17,856 - ui.password_manager.ui_guide - INFO - 用户已完成引导: password_update，跳过显示
2025-03-22 12:22:18,338 - ui.password_manager.ui_table.table_events - INFO - 右键菜单 - 当前行: 7, 当前列: 3, 选中行数: 1, 选中行: [7]
2025-03-22 12:22:18,338 - ui.password_manager.ui_table.table_events - INFO - 选中的密码单元格数量: 0
2025-03-22 12:22:18,339 - ui.password_manager.ui_table.table_events - INFO - 准备添加'添加行'子菜单 (选中行数: 1)
2025-03-22 12:22:18,339 - ui.password_manager.ui_table.table_events - INFO - 已添加'添加行'子菜单，包含上方、下方和末尾三个选项
2025-03-22 12:22:18,340 - ui.password_manager.ui_table.table_events - INFO - 已添加'编辑行'选项
2025-03-22 12:22:19,705 - ui.password_manager.ui_table.table_events - INFO - 尝试在行7（上方）添加新行 [添加方式: 上方]
2025-03-22 12:22:19,706 - ui.password_manager.ui_table.table_edit - INFO - 在位置 6 添加新行
2025-03-22 12:22:19,711 - ui.password_manager.ui_guide - INFO - 用户已完成引导: first_edit，跳过显示
2025-03-22 12:22:19,712 - ui.password_manager.ui_guide - INFO - 用户已完成引导: first_edit，跳过显示
2025-03-22 12:22:19,715 - ui.password_manager.ui_table.table_events - ERROR - 在行7（上方）添加新行时出错: '>=' not supported between instances of 'NoneType' and 'int' [添加方式: 上方]
2025-03-22 12:22:23,815 - ui.password_manager.ui_table.table_edit - INFO - 取消编辑 - 第6行: 
2025-03-22 12:22:23,816 - ui.password_manager.ui_table.table_edit - INFO - 取消编辑完成，已恢复原始数据
2025-03-22 12:22:24,777 - ui.password_manager.ui_table.table_events - INFO - 右键菜单 - 当前行: 7, 当前列: 4, 选中行数: 1, 选中行: [7]
2025-03-22 12:22:24,778 - ui.password_manager.ui_table.table_events - INFO - 选中的密码单元格数量: 0
2025-03-22 12:22:24,778 - ui.password_manager.ui_table.table_events - INFO - 准备添加'添加行'子菜单 (选中行数: 1)
2025-03-22 12:22:24,779 - ui.password_manager.ui_table.table_events - INFO - 已添加'添加行'子菜单，包含上方、下方和末尾三个选项
2025-03-22 12:22:24,779 - ui.password_manager.ui_table.table_events - INFO - 已添加'编辑行'选项
2025-03-22 12:22:26,841 - ui.password_manager.ui_table.table_events - INFO - 右键菜单 - 当前行: 6, 当前列: 5, 选中行数: 1, 选中行: [6]
2025-03-22 12:22:26,842 - ui.password_manager.ui_table.table_events - INFO - 选中的密码单元格数量: 1
2025-03-22 12:22:26,842 - ui.password_manager.ui_table.table_events - INFO - 准备添加'添加行'子菜单 (选中行数: 1)
2025-03-22 12:22:26,843 - ui.password_manager.ui_table.table_events - INFO - 已添加'添加行'子菜单，包含上方、下方和末尾三个选项
2025-03-22 12:22:26,843 - ui.password_manager.ui_table.table_events - INFO - 已添加'编辑行'选项
2025-03-22 12:22:28,249 - ui.password_manager.ui_guide - INFO - 用户已完成引导: password_update，跳过显示
2025-03-22 12:22:29,446 - ui.password_manager.ui_table.table_password - INFO - 开始更新1个服务器的密码
2025-03-22 12:22:29,447 - ui.password_manager.ui_table.table_password - INFO - 开始更新服务器密码 - 行: 6, 项目: MongoDB, IP: 116.121.200.170, 用户: nklmgi
2025-03-22 12:22:42,263 - ui.password_manager.ui_table.table_password - ERROR - SSH密码更新失败 - 行: 6, IP: 116.121.200.170, 用户: nklmgi, 错误: 连接或命令执行失败: timed out
2025-03-22 12:22:42,264 - ui.password_manager.ui_table.table_password - INFO - 成功更新了 0/1 个服务器的密码。
2025-03-22 12:22:50,449 - ui.password_manager.ui_table.table_events - INFO - 右键菜单 - 当前行: 7, 当前列: 4, 选中行数: 1, 选中行: [7]
2025-03-22 12:22:50,449 - ui.password_manager.ui_table.table_events - INFO - 选中的密码单元格数量: 0
2025-03-22 12:22:50,450 - ui.password_manager.ui_table.table_events - INFO - 准备添加'添加行'子菜单 (选中行数: 1)
2025-03-22 12:22:50,450 - ui.password_manager.ui_table.table_events - INFO - 已添加'添加行'子菜单，包含上方、下方和末尾三个选项
2025-03-22 12:22:50,451 - ui.password_manager.ui_table.table_events - INFO - 已添加'编辑行'选项
2025-03-22 12:22:51,490 - ui.password_manager.ui_guide - INFO - 用户已完成引导: first_edit，跳过显示
2025-03-22 12:22:51,491 - ui.password_manager.ui_guide - INFO - 用户已完成引导: first_edit，跳过显示
2025-03-22 12:22:54,912 - ui.password_manager.ui_table.table_edit - INFO - 取消编辑 - 第6行: 门禁系统
2025-03-22 12:22:54,913 - ui.password_manager.ui_table.table_edit - INFO - 取消编辑完成，已恢复原始数据
2025-03-22 12:22:57,027 - user - INFO - 用户已登出
2025-03-22 12:22:59,516 - root - INFO - 密码管理系统启动
2025-03-22 12:22:59,516 - root - INFO - 初始化用户设置模块...
2025-03-22 12:22:59,517 - root - INFO - 用户设置模块已初始化
2025-03-22 12:23:00,841 - user - INFO - 用户 admin 登录成功
2025-03-22 12:23:00,842 - login_ui - INFO - 用户 admin 登录成功
2025-03-22 12:23:00,843 - root - INFO - 用户 admin 登录成功，准备打开密码管理界面
2025-03-22 12:23:00,897 - ui.password_manager.ui_table.base_table - INFO - 已设置必填字段自定义委托
2025-03-22 12:23:00,979 - ui.password_manager.ui_guide - INFO - 用户已完成引导: password_update，跳过显示
2025-03-22 12:23:01,692 - ui.password_manager.ui_table.table_events - INFO - 右键菜单 - 当前行: 8, 当前列: 3, 选中行数: 1, 选中行: [8]
2025-03-22 12:23:01,692 - ui.password_manager.ui_table.table_events - INFO - 选中的密码单元格数量: 0
2025-03-22 12:23:01,693 - ui.password_manager.ui_table.table_events - INFO - 准备添加'添加行'子菜单 (选中行数: 1)
2025-03-22 12:23:01,693 - ui.password_manager.ui_table.table_events - INFO - 已添加'添加行'子菜单，包含上方、下方和末尾三个选项
2025-03-22 12:23:01,694 - ui.password_manager.ui_table.table_events - INFO - 已添加'编辑行'选项
2025-03-22 12:23:02,475 - ui.password_manager.ui_guide - INFO - 用户已完成引导: first_edit，跳过显示
2025-03-22 12:23:02,475 - ui.password_manager.ui_guide - INFO - 用户已完成引导: first_edit，跳过显示
2025-03-22 12:23:06,659 - ui.password_manager.ui_guide - INFO - 用户已完成引导: password_field，跳过显示
2025-03-22 12:23:06,660 - ui.password_manager.ui_guide - INFO - 用户已完成引导: password_field，跳过显示
2025-03-22 12:23:08,795 - ui.password_manager.ui_table.table_edit - INFO - 取消编辑 - 第7行: CRM系统
2025-03-22 12:23:08,796 - ui.password_manager.ui_table.table_edit - INFO - 取消编辑完成，已恢复原始数据
2025-03-22 12:25:18,392 - user - INFO - 用户已登出
2025-03-22 12:25:20,409 - root - INFO - 密码管理系统启动
2025-03-22 12:25:20,410 - root - INFO - 初始化用户设置模块...
2025-03-22 12:25:20,410 - root - INFO - 用户设置模块已初始化
2025-03-22 12:25:21,855 - user - INFO - 用户 admin 登录成功
2025-03-22 12:25:21,856 - login_ui - INFO - 用户 admin 登录成功
2025-03-22 12:25:21,857 - root - INFO - 用户 admin 登录成功，准备打开密码管理界面
2025-03-22 12:25:21,937 - ui.password_manager.ui_table.base_table - INFO - 已设置必填字段自定义委托
2025-03-22 12:25:22,013 - ui.password_manager.ui_guide - INFO - 用户已完成引导: password_update，跳过显示
2025-03-22 12:25:23,013 - ui.password_manager.ui_table.table_events - INFO - 右键菜单 - 当前行: 4, 当前列: 4, 选中行数: 1, 选中行: [4]
2025-03-22 12:25:23,013 - ui.password_manager.ui_table.table_events - INFO - 选中的密码单元格数量: 0
2025-03-22 12:25:23,014 - ui.password_manager.ui_table.table_events - INFO - 准备添加'添加行'子菜单 (选中行数: 1)
2025-03-22 12:25:23,015 - ui.password_manager.ui_table.table_events - INFO - 已添加'添加行'子菜单，包含上方、下方和末尾三个选项
2025-03-22 12:25:23,015 - ui.password_manager.ui_table.table_events - INFO - 已添加'编辑行'选项
2025-03-22 12:25:23,794 - ui.password_manager.ui_guide - INFO - 用户已完成引导: first_edit，跳过显示
2025-03-22 12:25:23,795 - ui.password_manager.ui_guide - INFO - 用户已完成引导: first_edit，跳过显示
2025-03-22 12:25:30,135 - ui.password_manager.ui_table.table_edit - INFO - 取消编辑 - 第3行: Jenkins
2025-03-22 12:25:30,135 - ui.password_manager.ui_table.table_edit - INFO - 取消编辑完成，已恢复原始数据
2025-03-22 12:25:30,823 - ui.password_manager.ui_table.table_events - INFO - 右键菜单 - 当前行: 8, 当前列: 3, 选中行数: 1, 选中行: [8]
2025-03-22 12:25:30,824 - ui.password_manager.ui_table.table_events - INFO - 选中的密码单元格数量: 0
2025-03-22 12:25:30,825 - ui.password_manager.ui_table.table_events - INFO - 准备添加'添加行'子菜单 (选中行数: 1)
2025-03-22 12:25:30,825 - ui.password_manager.ui_table.table_events - INFO - 已添加'添加行'子菜单，包含上方、下方和末尾三个选项
2025-03-22 12:25:30,826 - ui.password_manager.ui_table.table_events - INFO - 已添加'编辑行'选项
2025-03-22 12:25:32,083 - ui.password_manager.ui_table.table_events - INFO - 尝试在行8（上方）添加新行 [添加方式: 上方]
2025-03-22 12:25:32,083 - ui.password_manager.ui_table.table_edit - INFO - 在位置 7 添加新行
2025-03-22 12:25:32,090 - ui.password_manager.ui_guide - INFO - 用户已完成引导: first_edit，跳过显示
2025-03-22 12:25:32,090 - ui.password_manager.ui_guide - INFO - 用户已完成引导: first_edit，跳过显示
2025-03-22 12:25:32,092 - ui.password_manager.ui_table.table_events - ERROR - 在行8（上方）添加新行时出错: '>=' not supported between instances of 'NoneType' and 'int' [添加方式: 上方]
2025-03-22 12:25:35,878 - ui.password_manager.ui_table.table_edit - INFO - 取消编辑 - 第7行: 
2025-03-22 12:25:35,879 - ui.password_manager.ui_table.table_edit - INFO - 取消编辑完成，已恢复原始数据
2025-03-22 12:25:37,044 - ui.password_manager.ui_table.table_events - INFO - 右键菜单 - 当前行: 8, 当前列: 4, 选中行数: 1, 选中行: [8]
2025-03-22 12:25:37,045 - ui.password_manager.ui_table.table_events - INFO - 选中的密码单元格数量: 0
2025-03-22 12:25:37,045 - ui.password_manager.ui_table.table_events - INFO - 准备添加'添加行'子菜单 (选中行数: 1)
2025-03-22 12:25:37,046 - ui.password_manager.ui_table.table_events - INFO - 已添加'添加行'子菜单，包含上方、下方和末尾三个选项
2025-03-22 12:25:37,046 - ui.password_manager.ui_table.table_events - INFO - 已添加'编辑行'选项
2025-03-22 12:25:40,523 - ui.password_manager.ui_table.table_events - INFO - 尝试在行8（上方）添加新行 [添加方式: 上方]
2025-03-22 12:25:40,523 - ui.password_manager.ui_table.table_edit - INFO - 在位置 7 添加新行
2025-03-22 12:25:40,528 - ui.password_manager.ui_guide - INFO - 用户已完成引导: first_edit，跳过显示
2025-03-22 12:25:40,529 - ui.password_manager.ui_guide - INFO - 用户已完成引导: first_edit，跳过显示
2025-03-22 12:25:40,530 - ui.password_manager.ui_table.table_events - ERROR - 在行8（上方）添加新行时出错: '>=' not supported between instances of 'NoneType' and 'int' [添加方式: 上方]
2025-03-22 12:27:39,625 - root - INFO - 密码管理系统启动
2025-03-22 12:27:39,625 - root - INFO - 初始化用户设置模块...
2025-03-22 12:27:39,625 - root - INFO - 用户设置模块已初始化
2025-03-22 12:27:41,293 - user - INFO - 用户 admin 登录成功
2025-03-22 12:27:41,293 - login_ui - INFO - 用户 admin 登录成功
2025-03-22 12:27:41,294 - root - INFO - 用户 admin 登录成功，准备打开密码管理界面
2025-03-22 12:27:41,347 - ui.password_manager.ui_table.base_table - INFO - 已设置必填字段自定义委托
2025-03-22 12:27:41,418 - ui.password_manager.ui_guide - INFO - 用户已完成引导: password_update，跳过显示
2025-03-22 12:27:42,112 - ui.password_manager.ui_table.table_events - INFO - 右键菜单 - 当前行: 9, 当前列: 4, 选中行数: 1, 选中行: [9]
2025-03-22 12:27:42,113 - ui.password_manager.ui_table.table_events - INFO - 选中的密码单元格数量: 0
2025-03-22 12:27:42,113 - ui.password_manager.ui_table.table_events - INFO - 准备添加'添加行'子菜单 (选中行数: 1)
2025-03-22 12:27:42,114 - ui.password_manager.ui_table.table_events - INFO - 已添加'添加行'子菜单，包含上方、下方和末尾三个选项
2025-03-22 12:27:42,115 - ui.password_manager.ui_table.table_events - INFO - 已添加'编辑行'选项
2025-03-22 12:27:42,707 - ui.password_manager.ui_guide - INFO - 用户已完成引导: first_edit，跳过显示
2025-03-22 12:27:42,708 - ui.password_manager.ui_guide - INFO - 用户已完成引导: first_edit，跳过显示
2025-03-22 12:27:50,029 - ui.password_manager.ui_table.table_edit - INFO - 取消编辑 - 第8行: 路由器
2025-03-22 12:27:50,029 - ui.password_manager.ui_table.table_edit - INFO - 取消编辑完成，已恢复原始数据
2025-03-22 12:27:50,677 - ui.password_manager.ui_table.table_events - INFO - 右键菜单 - 当前行: 9, 当前列: 4, 选中行数: 1, 选中行: [9]
2025-03-22 12:27:50,678 - ui.password_manager.ui_table.table_events - INFO - 选中的密码单元格数量: 0
2025-03-22 12:27:50,678 - ui.password_manager.ui_table.table_events - INFO - 准备添加'添加行'子菜单 (选中行数: 1)
2025-03-22 12:27:50,679 - ui.password_manager.ui_table.table_events - INFO - 已添加'添加行'子菜单，包含上方、下方和末尾三个选项
2025-03-22 12:27:50,679 - ui.password_manager.ui_table.table_events - INFO - 已添加'编辑行'选项
2025-03-22 12:27:51,703 - ui.password_manager.ui_table.table_events - INFO - 尝试在行9（上方）添加新行 [添加方式: 上方]
2025-03-22 12:27:51,704 - ui.password_manager.ui_table.table_edit - INFO - 在位置 8 添加新行
2025-03-22 12:27:51,710 - ui.password_manager.ui_guide - INFO - 用户已完成引导: first_edit，跳过显示
2025-03-22 12:27:51,710 - ui.password_manager.ui_guide - INFO - 用户已完成引导: first_edit，跳过显示
2025-03-22 12:27:51,712 - ui.password_manager.ui_table.table_events - ERROR - 在行9（上方）添加新行时出错: '>=' not supported between instances of 'NoneType' and 'int' [添加方式: 上方]
2025-03-22 12:27:57,188 - ui.password_manager.ui_guide - INFO - 用户已完成引导: ip_field，跳过显示
2025-03-22 12:27:57,189 - ui.password_manager.ui_guide - INFO - 用户已完成引导: ip_field，跳过显示
2025-03-22 12:27:57,190 - ui.password_manager.ui_guide - INFO - 用户已完成引导: ip_field，跳过显示
2025-03-22 12:27:57,190 - ui.password_manager.ui_guide - INFO - 用户已完成引导: ip_field，跳过显示
2025-03-22 12:27:58,595 - ui.password_manager.ui_table.table_edit - INFO - 取消编辑 - 第8行: 
2025-03-22 12:27:58,595 - ui.password_manager.ui_table.table_edit - INFO - 取消编辑完成，已恢复原始数据
2025-03-22 12:27:59,371 - ui.password_manager.ui_table.table_events - INFO - 右键菜单 - 当前行: 9, 当前列: 4, 选中行数: 1, 选中行: [9]
2025-03-22 12:27:59,372 - ui.password_manager.ui_table.table_events - INFO - 选中的密码单元格数量: 0
2025-03-22 12:27:59,373 - ui.password_manager.ui_table.table_events - INFO - 准备添加'添加行'子菜单 (选中行数: 1)
2025-03-22 12:27:59,373 - ui.password_manager.ui_table.table_events - INFO - 已添加'添加行'子菜单，包含上方、下方和末尾三个选项
2025-03-22 12:27:59,374 - ui.password_manager.ui_table.table_events - INFO - 已添加'编辑行'选项
2025-03-22 12:28:01,748 - ui.password_manager.ui_table.table_events - INFO - 右键菜单 - 当前行: 9, 当前列: 4, 选中行数: 1, 选中行: [9]
2025-03-22 12:28:01,748 - ui.password_manager.ui_table.table_events - INFO - 选中的密码单元格数量: 0
2025-03-22 12:28:01,749 - ui.password_manager.ui_table.table_events - INFO - 准备添加'添加行'子菜单 (选中行数: 1)
2025-03-22 12:28:01,749 - ui.password_manager.ui_table.table_events - INFO - 已添加'添加行'子菜单，包含上方、下方和末尾三个选项
2025-03-22 12:28:01,750 - ui.password_manager.ui_table.table_events - INFO - 已添加'编辑行'选项
2025-03-22 12:28:02,621 - ui.password_manager.ui_guide - INFO - 用户已完成引导: first_edit，跳过显示
2025-03-22 12:28:02,622 - ui.password_manager.ui_guide - INFO - 用户已完成引导: first_edit，跳过显示
2025-03-22 12:28:05,871 - ui.password_manager.ui_table.table_edit - INFO - 取消编辑 - 第8行: 路由器
2025-03-22 12:28:05,872 - ui.password_manager.ui_table.table_edit - INFO - 取消编辑完成，已恢复原始数据
2025-03-22 12:28:06,714 - ui.password_manager.ui_table.table_events - INFO - 右键菜单 - 当前行: 3, 当前列: 5, 选中行数: 1, 选中行: [3]
2025-03-22 12:28:06,715 - ui.password_manager.ui_table.table_events - INFO - 选中的密码单元格数量: 1
2025-03-22 12:28:06,716 - ui.password_manager.ui_table.table_events - INFO - 准备添加'添加行'子菜单 (选中行数: 1)
2025-03-22 12:28:06,716 - ui.password_manager.ui_table.table_events - INFO - 已添加'添加行'子菜单，包含上方、下方和末尾三个选项
2025-03-22 12:28:06,717 - ui.password_manager.ui_table.table_events - INFO - 已添加'编辑行'选项
2025-03-22 12:28:07,848 - ui.password_manager.ui_guide - INFO - 用户已完成引导: first_edit，跳过显示
2025-03-22 12:28:07,849 - ui.password_manager.ui_guide - INFO - 用户已完成引导: first_edit，跳过显示
2025-03-22 12:28:10,437 - ui.password_manager.ui_table.table_edit - INFO - 取消编辑 - 第2行: 监控系统
2025-03-22 12:28:10,438 - ui.password_manager.ui_table.table_edit - INFO - 取消编辑完成，已恢复原始数据
2025-03-22 12:28:11,372 - ui.password_manager.ui_table.table_events - INFO - 右键菜单 - 当前行: 4, 当前列: 3, 选中行数: 1, 选中行: [4]
2025-03-22 12:28:11,373 - ui.password_manager.ui_table.table_events - INFO - 选中的密码单元格数量: 0
2025-03-22 12:28:11,373 - ui.password_manager.ui_table.table_events - INFO - 准备添加'添加行'子菜单 (选中行数: 1)
2025-03-22 12:28:11,374 - ui.password_manager.ui_table.table_events - INFO - 已添加'添加行'子菜单，包含上方、下方和末尾三个选项
2025-03-22 12:28:11,374 - ui.password_manager.ui_table.table_events - INFO - 已添加'编辑行'选项
2025-03-22 12:28:12,202 - ui.password_manager.ui_guide - INFO - 用户已完成引导: first_edit，跳过显示
2025-03-22 12:28:12,203 - ui.password_manager.ui_guide - INFO - 用户已完成引导: first_edit，跳过显示
2025-03-22 12:28:13,949 - ui.password_manager.ui_table.table_edit - INFO - 取消编辑 - 第3行: Jenkins
2025-03-22 12:28:13,951 - ui.password_manager.ui_table.table_edit - INFO - 取消编辑完成，已恢复原始数据
2025-03-22 12:28:22,746 - user - INFO - 用户已登出
2025-03-22 12:28:26,343 - user - INFO - 用户已登出
2025-03-22 12:28:39,727 - root - INFO - 密码管理系统启动
2025-03-22 12:28:39,728 - root - INFO - 初始化用户设置模块...
2025-03-22 12:28:39,728 - root - INFO - 用户设置模块已初始化
2025-03-22 12:28:41,234 - user - INFO - 用户 admin 登录成功
2025-03-22 12:28:41,236 - login_ui - INFO - 用户 admin 登录成功
2025-03-22 12:28:41,237 - root - INFO - 用户 admin 登录成功，准备打开密码管理界面
2025-03-22 12:28:41,281 - ui.password_manager.ui_table.base_table - INFO - 已设置必填字段自定义委托
2025-03-22 12:28:41,366 - ui.password_manager.ui_guide - INFO - 用户已完成引导: password_update，跳过显示
2025-03-22 12:28:42,051 - ui.password_manager.ui_table.table_events - INFO - 右键菜单 - 当前行: 8, 当前列: 4, 选中行数: 1, 选中行: [8]
2025-03-22 12:28:42,052 - ui.password_manager.ui_table.table_events - INFO - 选中的密码单元格数量: 0
2025-03-22 12:28:42,052 - ui.password_manager.ui_table.table_events - INFO - 准备添加'添加行'子菜单 (选中行数: 1)
2025-03-22 12:28:42,053 - ui.password_manager.ui_table.table_events - INFO - 已添加'添加行'子菜单，包含上方、下方和末尾三个选项
2025-03-22 12:28:42,054 - ui.password_manager.ui_table.table_events - INFO - 已添加'编辑行'选项
2025-03-22 12:28:42,875 - ui.password_manager.ui_guide - INFO - 用户已完成引导: first_edit，跳过显示
2025-03-22 12:28:42,876 - ui.password_manager.ui_guide - INFO - 用户已完成引导: first_edit，跳过显示
2025-03-22 12:28:47,686 - ui.password_manager.ui_guide - INFO - 用户已完成引导: ip_field，跳过显示
2025-03-22 12:28:47,686 - ui.password_manager.ui_guide - INFO - 用户已完成引导: ip_field，跳过显示
2025-03-22 12:28:49,236 - ui.password_manager.ui_guide - INFO - 用户已完成引导: password_field，跳过显示
2025-03-22 12:28:49,236 - ui.password_manager.ui_guide - INFO - 用户已完成引导: password_field，跳过显示
2025-03-22 12:28:53,119 - ui.password_manager.ui_table.table_edit - INFO - 取消编辑 - 第7行: CRM系统
2025-03-22 12:28:53,120 - ui.password_manager.ui_table.table_edit - INFO - 取消编辑完成，已恢复原始数据
2025-03-22 12:28:54,235 - ui.password_manager.ui_table.table_events - INFO - 右键菜单 - 当前行: 5, 当前列: 4, 选中行数: 1, 选中行: [5]
2025-03-22 12:28:54,236 - ui.password_manager.ui_table.table_events - INFO - 选中的密码单元格数量: 0
2025-03-22 12:28:54,237 - ui.password_manager.ui_table.table_events - INFO - 准备添加'添加行'子菜单 (选中行数: 1)
2025-03-22 12:28:54,237 - ui.password_manager.ui_table.table_events - INFO - 已添加'添加行'子菜单，包含上方、下方和末尾三个选项
2025-03-22 12:28:54,238 - ui.password_manager.ui_table.table_events - INFO - 已添加'编辑行'选项
2025-03-22 12:28:55,460 - ui.password_manager.ui_table.table_events - INFO - 尝试在行5（上方）添加新行 [添加方式: 上方]
2025-03-22 12:28:55,461 - ui.password_manager.ui_table.table_edit - INFO - 在位置 4 添加新行
2025-03-22 12:28:55,466 - ui.password_manager.ui_guide - INFO - 用户已完成引导: first_edit，跳过显示
2025-03-22 12:28:55,466 - ui.password_manager.ui_guide - INFO - 用户已完成引导: first_edit，跳过显示
2025-03-22 12:28:55,468 - ui.password_manager.ui_table.table_events - ERROR - 在行5（上方）添加新行时出错: '>=' not supported between instances of 'NoneType' and 'int' [添加方式: 上方]
2025-03-22 12:28:58,056 - ui.password_manager.ui_guide - INFO - 用户已完成引导: ip_field，跳过显示
2025-03-22 12:28:58,057 - ui.password_manager.ui_guide - INFO - 用户已完成引导: ip_field，跳过显示
2025-03-22 12:28:58,057 - ui.password_manager.ui_guide - INFO - 用户已完成引导: ip_field，跳过显示
2025-03-22 12:28:58,057 - ui.password_manager.ui_guide - INFO - 用户已完成引导: ip_field，跳过显示
2025-03-22 12:28:59,390 - ui.password_manager.ui_guide - INFO - 用户已完成引导: password_field，跳过显示
2025-03-22 12:28:59,390 - ui.password_manager.ui_guide - INFO - 用户已完成引导: password_field，跳过显示
2025-03-22 12:28:59,391 - ui.password_manager.ui_guide - INFO - 用户已完成引导: password_field，跳过显示
2025-03-22 12:28:59,391 - ui.password_manager.ui_guide - INFO - 用户已完成引导: password_field，跳过显示
2025-03-22 12:29:02,085 - ui.password_manager.ui_table.table_edit - INFO - 取消编辑 - 第4行: 
2025-03-22 12:29:02,086 - ui.password_manager.ui_table.table_edit - INFO - 取消编辑完成，已恢复原始数据
2025-03-22 12:29:04,855 - user - INFO - 用户已登出
2025-03-22 12:29:16,156 - root - INFO - 密码管理系统启动
2025-03-22 12:29:16,157 - root - INFO - 初始化用户设置模块...
2025-03-22 12:29:16,157 - root - INFO - 用户设置模块已初始化
2025-03-22 12:29:17,261 - user - INFO - 用户 admin 登录成功
2025-03-22 12:29:17,262 - login_ui - INFO - 用户 admin 登录成功
2025-03-22 12:29:17,263 - root - INFO - 用户 admin 登录成功，准备打开密码管理界面
2025-03-22 12:29:17,326 - ui.password_manager.ui_table.base_table - INFO - 已设置必填字段自定义委托
2025-03-22 12:29:17,453 - ui.password_manager.ui_guide - INFO - 用户已完成引导: password_update，跳过显示
2025-03-22 12:29:18,390 - ui.password_manager.ui_table.table_events - INFO - 右键菜单 - 当前行: 6, 当前列: 4, 选中行数: 1, 选中行: [6]
2025-03-22 12:29:18,391 - ui.password_manager.ui_table.table_events - INFO - 选中的密码单元格数量: 0
2025-03-22 12:29:18,392 - ui.password_manager.ui_table.table_events - INFO - 准备添加'添加行'子菜单 (选中行数: 1)
2025-03-22 12:29:18,392 - ui.password_manager.ui_table.table_events - INFO - 已添加'添加行'子菜单，包含上方、下方和末尾三个选项
2025-03-22 12:29:18,393 - ui.password_manager.ui_table.table_events - INFO - 已添加'编辑行'选项
2025-03-22 12:29:19,191 - ui.password_manager.ui_guide - INFO - 用户已完成引导: first_edit，跳过显示
2025-03-22 12:29:19,191 - ui.password_manager.ui_guide - INFO - 用户已完成引导: first_edit，跳过显示
2025-03-22 12:29:22,391 - ui.password_manager.ui_table.table_edit - INFO - 取消编辑 - 第5行: MongoDB
2025-03-22 12:29:22,392 - ui.password_manager.ui_table.table_edit - INFO - 取消编辑完成，已恢复原始数据
2025-03-22 12:29:29,062 - user - INFO - 用户已登出
2025-03-22 12:32:04,617 - root - INFO - 密码管理系统启动
2025-03-22 12:32:04,617 - root - INFO - 初始化用户设置模块...
2025-03-22 12:32:04,618 - root - INFO - 用户设置模块已初始化
2025-03-22 12:32:06,891 - user - INFO - 用户 admin 登录成功
2025-03-22 12:32:06,892 - login_ui - INFO - 用户 admin 登录成功
2025-03-22 12:32:06,893 - root - INFO - 用户 admin 登录成功，准备打开密码管理界面
2025-03-22 12:32:06,953 - ui.password_manager.ui_table.base_table - INFO - 已设置必填字段自定义委托
2025-03-22 12:32:07,007 - ui.password_manager.ui_guide - INFO - 用户已完成引导: password_update，跳过显示
2025-03-22 12:32:07,897 - ui.password_manager.ui_table.table_events - INFO - 右键菜单 - 当前行: 6, 当前列: 4, 选中行数: 1, 选中行: [6]
2025-03-22 12:32:07,897 - ui.password_manager.ui_table.table_events - INFO - 选中的密码单元格数量: 0
2025-03-22 12:32:07,899 - ui.password_manager.ui_table.table_events - INFO - 准备添加'添加行'子菜单 (选中行数: 1)
2025-03-22 12:32:07,899 - ui.password_manager.ui_table.table_events - INFO - 已添加'添加行'子菜单，包含上方、下方和末尾三个选项
2025-03-22 12:32:07,900 - ui.password_manager.ui_table.table_events - INFO - 已添加'编辑行'选项
2025-03-22 12:32:09,085 - ui.password_manager.ui_guide - INFO - 用户已完成引导: first_edit，跳过显示
2025-03-22 12:32:09,086 - ui.password_manager.ui_guide - INFO - 用户已完成引导: first_edit，跳过显示
2025-03-22 12:32:12,931 - ui.password_manager.ui_table.table_edit - INFO - 取消编辑 - 第5行: MongoDB
2025-03-22 12:32:12,932 - ui.password_manager.ui_table.table_edit - INFO - 取消编辑完成，已恢复原始数据
2025-03-22 12:32:14,489 - ui.password_manager.ui_table.table_events - INFO - 右键菜单 - 当前行: 7, 当前列: 3, 选中行数: 3, 选中行: [6, 7, 8]
2025-03-22 12:32:14,490 - ui.password_manager.ui_table.table_events - INFO - 选中的密码单元格数量: 0
2025-03-22 12:32:18,654 - ui.password_manager.ui_table.table_events - INFO - 右键菜单 - 当前行: 6, 当前列: 4, 选中行数: 1, 选中行: [6]
2025-03-22 12:32:18,654 - ui.password_manager.ui_table.table_events - INFO - 选中的密码单元格数量: 0
2025-03-22 12:32:18,654 - ui.password_manager.ui_table.table_events - INFO - 准备添加'添加行'子菜单 (选中行数: 1)
2025-03-22 12:32:18,655 - ui.password_manager.ui_table.table_events - INFO - 已添加'添加行'子菜单，包含上方、下方和末尾三个选项
2025-03-22 12:32:18,656 - ui.password_manager.ui_table.table_events - INFO - 已添加'编辑行'选项
2025-03-22 12:32:19,414 - ui.password_manager.ui_guide - INFO - 用户已完成引导: first_edit，跳过显示
2025-03-22 12:32:19,415 - ui.password_manager.ui_guide - INFO - 用户已完成引导: first_edit，跳过显示
2025-03-22 12:32:25,652 - ui.password_manager.ui_table.table_edit - INFO - 取消编辑 - 第5行: MongoDB
2025-03-22 12:32:25,653 - ui.password_manager.ui_table.table_edit - INFO - 取消编辑完成，已恢复原始数据
2025-03-22 12:32:26,139 - ui.password_manager.ui_table.table_events - INFO - 右键菜单 - 当前行: 8, 当前列: 4, 选中行数: 1, 选中行: [8]
2025-03-22 12:32:26,140 - ui.password_manager.ui_table.table_events - INFO - 选中的密码单元格数量: 0
2025-03-22 12:32:26,140 - ui.password_manager.ui_table.table_events - INFO - 准备添加'添加行'子菜单 (选中行数: 1)
2025-03-22 12:32:26,141 - ui.password_manager.ui_table.table_events - INFO - 已添加'添加行'子菜单，包含上方、下方和末尾三个选项
2025-03-22 12:32:26,142 - ui.password_manager.ui_table.table_events - INFO - 已添加'编辑行'选项
2025-03-22 12:32:26,898 - ui.password_manager.ui_guide - INFO - 用户已完成引导: first_edit，跳过显示
2025-03-22 12:32:26,899 - ui.password_manager.ui_guide - INFO - 用户已完成引导: first_edit，跳过显示
2025-03-22 12:32:30,917 - ui.password_manager.ui_table.table_edit - INFO - 取消编辑 - 第7行: CRM系统
2025-03-22 12:32:30,917 - ui.password_manager.ui_table.table_edit - INFO - 取消编辑完成，已恢复原始数据
2025-03-22 12:32:31,891 - ui.password_manager.ui_table.table_events - INFO - 右键菜单 - 当前行: 8, 当前列: 4, 选中行数: 1, 选中行: [8]
2025-03-22 12:32:31,892 - ui.password_manager.ui_table.table_events - INFO - 选中的密码单元格数量: 0
2025-03-22 12:32:31,892 - ui.password_manager.ui_table.table_events - INFO - 准备添加'添加行'子菜单 (选中行数: 1)
2025-03-22 12:32:31,893 - ui.password_manager.ui_table.table_events - INFO - 已添加'添加行'子菜单，包含上方、下方和末尾三个选项
2025-03-22 12:32:31,894 - ui.password_manager.ui_table.table_events - INFO - 已添加'编辑行'选项
2025-03-22 12:32:33,512 - ui.password_manager.ui_guide - INFO - 用户已完成引导: first_edit，跳过显示
2025-03-22 12:32:33,513 - ui.password_manager.ui_guide - INFO - 用户已完成引导: first_edit，跳过显示
2025-03-22 12:32:46,475 - ui.password_manager.ui_table.table_edit - INFO - 取消编辑 - 第7行: CRM系统
2025-03-22 12:32:46,475 - ui.password_manager.ui_table.table_edit - INFO - 取消编辑完成，已恢复原始数据
2025-03-22 12:32:47,170 - ui.password_manager.ui_table.table_events - INFO - 右键菜单 - 当前行: 8, 当前列: 8, 选中行数: 1, 选中行: [8]
2025-03-22 12:32:47,171 - ui.password_manager.ui_table.table_events - INFO - 选中的密码单元格数量: 0
2025-03-22 12:32:47,172 - ui.password_manager.ui_table.table_events - INFO - 准备添加'添加行'子菜单 (选中行数: 1)
2025-03-22 12:32:47,173 - ui.password_manager.ui_table.table_events - INFO - 已添加'添加行'子菜单，包含上方、下方和末尾三个选项
2025-03-22 12:32:47,173 - ui.password_manager.ui_table.table_events - INFO - 已添加'编辑行'选项
2025-03-22 12:32:48,361 - ui.password_manager.ui_table.table_events - INFO - 尝试在行8（上方）添加新行 [添加方式: 上方]
2025-03-22 12:32:48,362 - ui.password_manager.ui_table.table_edit - INFO - 在位置 7 添加新行
2025-03-22 12:32:48,368 - ui.password_manager.ui_guide - INFO - 用户已完成引导: first_edit，跳过显示
2025-03-22 12:32:48,369 - ui.password_manager.ui_guide - INFO - 用户已完成引导: first_edit，跳过显示
2025-03-22 12:32:48,370 - ui.password_manager.ui_table.table_events - ERROR - 在行8（上方）添加新行时出错: '>=' not supported between instances of 'NoneType' and 'int' [添加方式: 上方]
2025-03-22 12:32:49,942 - ui.password_manager.ui_table.table_edit - INFO - 取消编辑 - 第7行: 
2025-03-22 12:32:49,943 - ui.password_manager.ui_table.table_edit - INFO - 取消编辑完成，已恢复原始数据
2025-03-22 12:32:57,965 - user - INFO - 用户已登出
2025-03-22 12:33:32,553 - root - INFO - 密码管理系统启动
2025-03-22 12:33:32,554 - root - INFO - 初始化用户设置模块...
2025-03-22 12:33:32,554 - root - INFO - 用户设置模块已初始化
2025-03-22 12:33:33,788 - user - INFO - 用户 admin 登录成功
2025-03-22 12:33:33,789 - login_ui - INFO - 用户 admin 登录成功
2025-03-22 12:33:33,790 - root - INFO - 用户 admin 登录成功，准备打开密码管理界面
2025-03-22 12:33:33,853 - ui.password_manager.ui_table.base_table - INFO - 已设置必填字段自定义委托
2025-03-22 12:33:33,921 - ui.password_manager.ui_guide - INFO - 用户已完成引导: password_update，跳过显示
2025-03-22 12:33:34,439 - ui.password_manager.ui_table.table_events - INFO - 右键菜单 - 当前行: 8, 当前列: 4, 选中行数: 1, 选中行: [8]
2025-03-22 12:33:34,439 - ui.password_manager.ui_table.table_events - INFO - 选中的密码单元格数量: 0
2025-03-22 12:33:34,440 - ui.password_manager.ui_table.table_events - INFO - 准备添加'添加行'子菜单 (选中行数: 1)
2025-03-22 12:33:34,441 - ui.password_manager.ui_table.table_events - INFO - 已添加'添加行'子菜单，包含上方、下方和末尾三个选项
2025-03-22 12:33:34,442 - ui.password_manager.ui_table.table_events - INFO - 已添加'编辑行'选项
2025-03-22 12:33:35,065 - ui.password_manager.ui_guide - INFO - 用户已完成引导: first_edit，跳过显示
2025-03-22 12:33:35,066 - ui.password_manager.ui_guide - INFO - 用户已完成引导: first_edit，跳过显示
2025-03-22 12:33:37,217 - ui.password_manager.ui_table.table_edit - INFO - 取消编辑 - 第7行: CRM系统
2025-03-22 12:33:37,217 - ui.password_manager.ui_table.table_edit - INFO - 取消编辑完成，已恢复原始数据
2025-03-22 12:33:37,829 - ui.password_manager.ui_table.table_events - INFO - 右键菜单 - 当前行: 8, 当前列: 4, 选中行数: 1, 选中行: [8]
2025-03-22 12:33:37,830 - ui.password_manager.ui_table.table_events - INFO - 选中的密码单元格数量: 0
2025-03-22 12:33:37,830 - ui.password_manager.ui_table.table_events - INFO - 准备添加'添加行'子菜单 (选中行数: 1)
2025-03-22 12:33:37,831 - ui.password_manager.ui_table.table_events - INFO - 已添加'添加行'子菜单，包含上方、下方和末尾三个选项
2025-03-22 12:33:37,831 - ui.password_manager.ui_table.table_events - INFO - 已添加'编辑行'选项
2025-03-22 12:33:38,976 - ui.password_manager.ui_table.table_events - INFO - 尝试在行8（上方）添加新行 [添加方式: 上方]
2025-03-22 12:33:38,977 - ui.password_manager.ui_table.table_edit - INFO - 在位置 7 添加新行
2025-03-22 12:33:38,982 - ui.password_manager.ui_guide - INFO - 用户已完成引导: first_edit，跳过显示
2025-03-22 12:33:38,983 - ui.password_manager.ui_guide - INFO - 用户已完成引导: first_edit，跳过显示
2025-03-22 12:33:38,984 - ui.password_manager.ui_table.table_events - ERROR - 在行8（上方）添加新行时出错: '>=' not supported between instances of 'NoneType' and 'int' [添加方式: 上方]
2025-03-22 12:33:41,454 - ui.password_manager.ui_table.table_edit - INFO - 取消编辑 - 第7行: 
2025-03-22 12:33:41,455 - ui.password_manager.ui_table.table_edit - INFO - 取消编辑完成，已恢复原始数据
2025-03-22 12:33:44,100 - ui.password_manager.ui_table.table_events - INFO - 右键菜单 - 当前行: 10, 当前列: 3, 选中行数: 1, 选中行: [10]
2025-03-22 12:33:44,101 - ui.password_manager.ui_table.table_events - INFO - 选中的密码单元格数量: 0
2025-03-22 12:33:44,102 - ui.password_manager.ui_table.table_events - INFO - 准备添加'添加行'子菜单 (选中行数: 1)
2025-03-22 12:33:44,102 - ui.password_manager.ui_table.table_events - INFO - 已添加'添加行'子菜单，包含上方、下方和末尾三个选项
2025-03-22 12:33:44,103 - ui.password_manager.ui_table.table_events - INFO - 已添加'编辑行'选项
2025-03-22 12:33:47,269 - user - INFO - 用户已登出
2025-03-22 12:34:00,996 - root - INFO - 密码管理系统启动
2025-03-22 12:34:00,996 - root - INFO - 初始化用户设置模块...
2025-03-22 12:34:00,997 - root - INFO - 用户设置模块已初始化
2025-03-22 12:34:02,559 - user - INFO - 用户 admin 登录成功
2025-03-22 12:34:02,559 - login_ui - INFO - 用户 admin 登录成功
2025-03-22 12:34:02,560 - root - INFO - 用户 admin 登录成功，准备打开密码管理界面
2025-03-22 12:34:02,612 - ui.password_manager.ui_table.base_table - INFO - 已设置必填字段自定义委托
2025-03-22 12:34:02,688 - ui.password_manager.ui_guide - INFO - 用户已完成引导: password_update，跳过显示
2025-03-22 12:34:03,369 - ui.password_manager.ui_table.table_events - INFO - 右键菜单 - 当前行: 7, 当前列: 4, 选中行数: 1, 选中行: [7]
2025-03-22 12:34:03,369 - ui.password_manager.ui_table.table_events - INFO - 选中的密码单元格数量: 0
2025-03-22 12:34:03,370 - ui.password_manager.ui_table.table_events - INFO - 准备添加'添加行'子菜单 (选中行数: 1)
2025-03-22 12:34:03,370 - ui.password_manager.ui_table.table_events - INFO - 已添加'添加行'子菜单，包含上方、下方和末尾三个选项
2025-03-22 12:34:03,371 - ui.password_manager.ui_table.table_events - INFO - 已添加'编辑行'选项
2025-03-22 12:34:05,251 - ui.password_manager.ui_table.table_events - INFO - 尝试在行7（上方）添加新行 [添加方式: 上方]
2025-03-22 12:34:05,251 - ui.password_manager.ui_table.table_edit - INFO - 在位置 6 添加新行
2025-03-22 12:34:05,256 - ui.password_manager.ui_guide - INFO - 用户已完成引导: first_edit，跳过显示
2025-03-22 12:34:05,257 - ui.password_manager.ui_guide - INFO - 用户已完成引导: first_edit，跳过显示
2025-03-22 12:34:05,259 - ui.password_manager.ui_table.table_events - ERROR - 在行7（上方）添加新行时出错: '>=' not supported between instances of 'NoneType' and 'int' [添加方式: 上方]
2025-03-22 12:34:07,973 - ui.password_manager.ui_table.table_edit - INFO - 取消编辑 - 第6行: 
2025-03-22 12:34:07,974 - ui.password_manager.ui_table.table_edit - INFO - 取消编辑完成，已恢复原始数据
2025-03-22 12:37:24,368 - user - INFO - 用户已登出
2025-03-22 12:37:26,731 - root - INFO - 密码管理系统启动
2025-03-22 12:37:26,731 - root - INFO - 初始化用户设置模块...
2025-03-22 12:37:26,732 - root - INFO - 用户设置模块已初始化
2025-03-22 12:37:27,982 - user - INFO - 用户 admin 登录成功
2025-03-22 12:37:27,983 - login_ui - INFO - 用户 admin 登录成功
2025-03-22 12:37:27,985 - root - INFO - 用户 admin 登录成功，准备打开密码管理界面
2025-03-22 12:37:28,045 - ui.password_manager.ui_table.base_table - INFO - 已设置必填字段自定义委托
2025-03-22 12:37:28,135 - ui.password_manager.ui_guide - INFO - 用户已完成引导: password_update，跳过显示
2025-03-22 12:37:34,062 - ui.password_manager.ui_table.table_events - INFO - 右键菜单 - 当前行: 6, 当前列: 2, 选中行数: 1, 选中行: [6]
2025-03-22 12:37:34,063 - ui.password_manager.ui_table.table_events - INFO - 选中的密码单元格数量: 0
2025-03-22 12:37:34,064 - ui.password_manager.ui_table.table_events - INFO - 准备添加'添加行'子菜单 (选中行数: 1)
2025-03-22 12:37:34,064 - ui.password_manager.ui_table.table_events - INFO - 已添加'添加行'子菜单，包含上方、下方和末尾三个选项
2025-03-22 12:37:34,065 - ui.password_manager.ui_table.table_events - INFO - 已添加'编辑行'选项
2025-03-22 12:37:37,748 - ui.password_manager.ui_table.table_events - INFO - 右键菜单 - 当前行: 6, 当前列: 4, 选中行数: 1, 选中行: [6]
2025-03-22 12:37:37,749 - ui.password_manager.ui_table.table_events - INFO - 选中的密码单元格数量: 0
2025-03-22 12:37:37,749 - ui.password_manager.ui_table.table_events - INFO - 准备添加'添加行'子菜单 (选中行数: 1)
2025-03-22 12:37:37,750 - ui.password_manager.ui_table.table_events - INFO - 已添加'添加行'子菜单，包含上方、下方和末尾三个选项
2025-03-22 12:37:37,750 - ui.password_manager.ui_table.table_events - INFO - 已添加'编辑行'选项
2025-03-22 12:37:39,325 - ui.password_manager.ui_table.table_events - INFO - 尝试在行6（上方）添加新行 [添加方式: 上方]
2025-03-22 12:37:39,326 - ui.password_manager.ui_table.table_edit - INFO - 在位置 5 添加新行
2025-03-22 12:37:39,331 - ui.password_manager.ui_guide - INFO - 用户已完成引导: first_edit，跳过显示
2025-03-22 12:37:39,331 - ui.password_manager.ui_guide - INFO - 用户已完成引导: first_edit，跳过显示
2025-03-22 12:37:39,332 - ui.password_manager.ui_table.table_events - ERROR - 在行6（上方）添加新行时出错: '>=' not supported between instances of 'NoneType' and 'int' [添加方式: 上方]
2025-03-22 12:37:53,478 - ui.password_manager.ui_guide - INFO - 用户已完成引导: password_field，跳过显示
2025-03-22 12:37:53,478 - ui.password_manager.ui_guide - INFO - 用户已完成引导: password_field，跳过显示
2025-03-22 12:37:55,414 - ui.password_manager.ui_guide - INFO - 用户已完成引导: password_field，跳过显示
2025-03-22 12:37:55,415 - ui.password_manager.ui_guide - INFO - 用户已完成引导: password_field，跳过显示
2025-03-22 12:37:57,470 - ui.password_manager.ui_guide - INFO - 用户已完成引导: ip_field，跳过显示
2025-03-22 12:37:57,470 - ui.password_manager.ui_guide - INFO - 用户已完成引导: ip_field，跳过显示
2025-03-22 12:37:59,868 - password - INFO - 为所有者 徐国明 添加密码记录成功
2025-03-22 12:38:11,410 - ui.password_manager.ui_table.table_events - INFO - 右键菜单 - 当前行: 7, 当前列: 5, 选中行数: 1, 选中行: [7]
2025-03-22 12:38:11,411 - ui.password_manager.ui_table.table_events - INFO - 选中的密码单元格数量: 1
2025-03-22 12:38:11,412 - ui.password_manager.ui_table.table_events - INFO - 准备添加'添加行'子菜单 (选中行数: 1)
2025-03-22 12:38:11,412 - ui.password_manager.ui_table.table_events - INFO - 已添加'添加行'子菜单，包含上方、下方和末尾三个选项
2025-03-22 12:38:11,413 - ui.password_manager.ui_table.table_events - INFO - 已添加'编辑行'选项
2025-03-22 12:38:13,793 - ui.password_manager.ui_table.table_events - INFO - 右键菜单 - 当前行: 7, 当前列: 5, 选中行数: 1, 选中行: [7]
2025-03-22 12:38:13,794 - ui.password_manager.ui_table.table_events - INFO - 选中的密码单元格数量: 1
2025-03-22 12:38:13,795 - ui.password_manager.ui_table.table_events - INFO - 准备添加'添加行'子菜单 (选中行数: 1)
2025-03-22 12:38:13,795 - ui.password_manager.ui_table.table_events - INFO - 已添加'添加行'子菜单，包含上方、下方和末尾三个选项
2025-03-22 12:38:13,796 - ui.password_manager.ui_table.table_events - INFO - 已添加'编辑行'选项
2025-03-22 12:38:20,264 - ui.password_manager.ui_table.table_events - INFO - 尝试在行8（下方）添加新行 [添加方式: 下方]
2025-03-22 12:38:20,265 - ui.password_manager.ui_table.table_edit - INFO - 在位置 7 添加新行
2025-03-22 12:38:20,270 - ui.password_manager.ui_guide - INFO - 用户已完成引导: first_edit，跳过显示
2025-03-22 12:38:20,270 - ui.password_manager.ui_guide - INFO - 用户已完成引导: first_edit，跳过显示
2025-03-22 12:38:20,272 - ui.password_manager.ui_table.table_events - ERROR - 在行8（下方）添加新行时出错: '>=' not supported between instances of 'NoneType' and 'int' [添加方式: 下方]
2025-03-22 12:38:22,261 - ui.password_manager.ui_table.table_edit - INFO - 取消编辑 - 第7行: 
2025-03-22 12:38:22,262 - ui.password_manager.ui_table.table_edit - INFO - 取消编辑完成，已恢复原始数据
2025-03-22 12:38:26,660 - ui.password_manager.ui_table.table_events - INFO - 右键菜单 - 当前行: 11, 当前列: 4, 选中行数: 1, 选中行: [11]
2025-03-22 12:38:26,661 - ui.password_manager.ui_table.table_events - INFO - 选中的密码单元格数量: 0
2025-03-22 12:38:26,661 - ui.password_manager.ui_table.table_events - INFO - 准备添加'添加行'子菜单 (选中行数: 1)
2025-03-22 12:38:26,662 - ui.password_manager.ui_table.table_events - INFO - 已添加'添加行'子菜单，包含上方、下方和末尾三个选项
2025-03-22 12:38:26,662 - ui.password_manager.ui_table.table_events - INFO - 已添加'编辑行'选项
2025-03-22 12:38:28,501 - ui.password_manager.ui_table.table_events - INFO - 右键菜单 - 当前行: 12, 当前列: 4, 选中行数: 1, 选中行: [12]
2025-03-22 12:38:28,502 - ui.password_manager.ui_table.table_events - INFO - 选中的密码单元格数量: 0
2025-03-22 12:38:28,503 - ui.password_manager.ui_table.table_events - INFO - 准备添加'添加行'子菜单 (选中行数: 1)
2025-03-22 12:38:28,503 - ui.password_manager.ui_table.table_events - INFO - 已添加'添加行'子菜单，包含上方、下方和末尾三个选项
2025-03-22 12:38:28,504 - ui.password_manager.ui_table.table_events - INFO - 已添加'编辑行'选项
2025-03-22 12:38:29,581 - ui.password_manager.ui_table.table_events - INFO - 尝试在行13（下方）添加新行 [添加方式: 下方]
2025-03-22 12:38:29,582 - ui.password_manager.ui_table.table_edit - INFO - 在位置 12 添加新行
2025-03-22 12:38:29,588 - ui.password_manager.ui_guide - INFO - 用户已完成引导: first_edit，跳过显示
2025-03-22 12:38:29,589 - ui.password_manager.ui_guide - INFO - 用户已完成引导: first_edit，跳过显示
2025-03-22 12:38:29,590 - ui.password_manager.ui_table.table_events - ERROR - 在行13（下方）添加新行时出错: '>=' not supported between instances of 'NoneType' and 'int' [添加方式: 下方]
2025-03-22 12:38:30,635 - ui.password_manager.ui_table.table_edit - INFO - 取消编辑 - 第12行: 
2025-03-22 12:38:30,635 - ui.password_manager.ui_table.table_edit - INFO - 取消编辑完成，已恢复原始数据
2025-03-22 12:38:35,466 - password - INFO - 为所有者 徐国明 添加密码记录成功
2025-03-22 12:40:44,121 - root - INFO - 密码管理系统启动
2025-03-22 12:40:44,121 - root - INFO - 初始化用户设置模块...
2025-03-22 12:40:44,122 - root - INFO - 用户设置模块已初始化
2025-03-22 12:40:45,538 - user - INFO - 用户 admin 登录成功
2025-03-22 12:40:45,538 - login_ui - INFO - 用户 admin 登录成功
2025-03-22 12:40:45,539 - root - INFO - 用户 admin 登录成功，准备打开密码管理界面
2025-03-22 12:40:45,587 - ui.password_manager.ui_table.base_table - INFO - 已设置必填字段自定义委托
2025-03-22 12:40:45,680 - ui.password_manager.ui_guide - INFO - 用户已完成引导: password_update，跳过显示
2025-03-22 12:40:46,555 - ui.password_manager.ui_table.table_events - INFO - 右键菜单 - 当前行: 7, 当前列: 5, 选中行数: 1, 选中行: [7]
2025-03-22 12:40:46,556 - ui.password_manager.ui_table.table_events - INFO - 选中的密码单元格数量: 1
2025-03-22 12:40:46,557 - ui.password_manager.ui_table.table_events - INFO - 准备添加'添加行'子菜单 (选中行数: 1)
2025-03-22 12:40:46,557 - ui.password_manager.ui_table.table_events - INFO - 已添加'添加行'子菜单，包含上方、下方和末尾三个选项
2025-03-22 12:40:46,558 - ui.password_manager.ui_table.table_events - INFO - 已添加'编辑行'选项
2025-03-22 12:40:51,219 - ui.password_manager.ui_table.table_events - INFO - 尝试在行7（上方）添加新行 [添加方式: 上方]
2025-03-22 12:40:51,220 - ui.password_manager.ui_table.table_edit - INFO - 在位置 6 添加新行
2025-03-22 12:40:51,228 - ui.password_manager.ui_guide - INFO - 用户已完成引导: first_edit，跳过显示
2025-03-22 12:40:51,229 - ui.password_manager.ui_guide - INFO - 用户已完成引导: first_edit，跳过显示
2025-03-22 12:40:51,230 - ui.password_manager.ui_table.table_events - INFO - 成功在行7（上方）添加新行，新行索引: 7 [添加方式: 上方]
2025-03-22 12:40:52,357 - ui.password_manager.ui_table.table_edit - INFO - 取消编辑 - 第6行: 
2025-03-22 12:40:52,358 - ui.password_manager.ui_table.table_edit - INFO - 取消编辑完成，已恢复原始数据
2025-03-22 12:40:54,076 - ui.password_manager.ui_table.table_events - INFO - 右键菜单 - 当前行: 8, 当前列: 4, 选中行数: 1, 选中行: [8]
2025-03-22 12:40:54,076 - ui.password_manager.ui_table.table_events - INFO - 选中的密码单元格数量: 0
2025-03-22 12:40:54,077 - ui.password_manager.ui_table.table_events - INFO - 准备添加'添加行'子菜单 (选中行数: 1)
2025-03-22 12:40:54,078 - ui.password_manager.ui_table.table_events - INFO - 已添加'添加行'子菜单，包含上方、下方和末尾三个选项
2025-03-22 12:40:54,078 - ui.password_manager.ui_table.table_events - INFO - 已添加'编辑行'选项
2025-03-22 12:40:55,261 - ui.password_manager.ui_table.table_events - INFO - 右键菜单 - 当前行: 10, 当前列: 4, 选中行数: 1, 选中行: [10]
2025-03-22 12:40:55,261 - ui.password_manager.ui_table.table_events - INFO - 选中的密码单元格数量: 0
2025-03-22 12:40:55,262 - ui.password_manager.ui_table.table_events - INFO - 准备添加'添加行'子菜单 (选中行数: 1)
2025-03-22 12:40:55,262 - ui.password_manager.ui_table.table_events - INFO - 已添加'添加行'子菜单，包含上方、下方和末尾三个选项
2025-03-22 12:40:55,263 - ui.password_manager.ui_table.table_events - INFO - 已添加'编辑行'选项
2025-03-22 12:40:56,248 - ui.password_manager.ui_guide - INFO - 用户已完成引导: first_edit，跳过显示
2025-03-22 12:40:56,248 - ui.password_manager.ui_guide - INFO - 用户已完成引导: first_edit，跳过显示
2025-03-22 12:40:57,330 - ui.password_manager.ui_table.table_edit - INFO - 取消编辑 - 第9行: Kubernetes
2025-03-22 12:40:57,331 - ui.password_manager.ui_table.table_edit - INFO - 取消编辑完成，已恢复原始数据
2025-03-22 12:40:58,170 - ui.password_manager.ui_table.table_events - INFO - 右键菜单 - 当前行: 9, 当前列: 3, 选中行数: 1, 选中行: [9]
2025-03-22 12:40:58,171 - ui.password_manager.ui_table.table_events - INFO - 选中的密码单元格数量: 0
2025-03-22 12:40:58,172 - ui.password_manager.ui_table.table_events - INFO - 准备添加'添加行'子菜单 (选中行数: 1)
2025-03-22 12:40:58,172 - ui.password_manager.ui_table.table_events - INFO - 已添加'添加行'子菜单，包含上方、下方和末尾三个选项
2025-03-22 12:40:58,173 - ui.password_manager.ui_table.table_events - INFO - 已添加'编辑行'选项
2025-03-22 12:40:59,517 - ui.password_manager.ui_table.table_events - INFO - 尝试在行9（上方）添加新行 [添加方式: 上方]
2025-03-22 12:40:59,517 - ui.password_manager.ui_table.table_edit - INFO - 在位置 8 添加新行
2025-03-22 12:40:59,523 - ui.password_manager.ui_guide - INFO - 用户已完成引导: first_edit，跳过显示
2025-03-22 12:40:59,524 - ui.password_manager.ui_guide - INFO - 用户已完成引导: first_edit，跳过显示
2025-03-22 12:40:59,525 - ui.password_manager.ui_table.table_events - INFO - 成功在行9（上方）添加新行，新行索引: 9 [添加方式: 上方]
2025-03-22 12:41:00,765 - ui.password_manager.ui_table.table_edit - INFO - 取消编辑 - 第8行: 
2025-03-22 12:41:00,765 - ui.password_manager.ui_table.table_edit - INFO - 取消编辑完成，已恢复原始数据
2025-03-22 12:41:14,734 - ui.password_manager.ui_table.table_events - INFO - 右键菜单 - 当前行: 3, 当前列: 3, 选中行数: 1, 选中行: [3]
2025-03-22 12:41:14,735 - ui.password_manager.ui_table.table_events - INFO - 选中的密码单元格数量: 0
2025-03-22 12:41:14,736 - ui.password_manager.ui_table.table_events - INFO - 准备添加'添加行'子菜单 (选中行数: 1)
2025-03-22 12:41:14,736 - ui.password_manager.ui_table.table_events - INFO - 已添加'添加行'子菜单，包含上方、下方和末尾三个选项
2025-03-22 12:41:14,737 - ui.password_manager.ui_table.table_events - INFO - 已添加'编辑行'选项
2025-03-22 12:41:16,131 - ui.password_manager.ui_table.table_events - INFO - 尝试在行3（上方）添加新行 [添加方式: 上方]
2025-03-22 12:41:16,132 - ui.password_manager.ui_table.table_edit - INFO - 在位置 2 添加新行
2025-03-22 12:41:16,138 - ui.password_manager.ui_guide - INFO - 用户已完成引导: first_edit，跳过显示
2025-03-22 12:41:16,138 - ui.password_manager.ui_guide - INFO - 用户已完成引导: first_edit，跳过显示
2025-03-22 12:41:16,140 - ui.password_manager.ui_table.table_events - INFO - 成功在行3（上方）添加新行，新行索引: 3 [添加方式: 上方]
2025-03-22 12:41:23,998 - ui.password_manager.ui_table.table_edit - INFO - 取消编辑 - 第2行: 
2025-03-22 12:41:23,998 - ui.password_manager.ui_table.table_edit - INFO - 取消编辑完成，已恢复原始数据
2025-03-22 12:41:49,612 - ui.password_manager.ui_table.table_events - INFO - 右键菜单 - 当前行: 13, 当前列: 2, 选中行数: 1, 选中行: [13]
2025-03-22 12:41:49,613 - ui.password_manager.ui_table.table_events - INFO - 选中的密码单元格数量: 0
2025-03-22 12:41:49,613 - ui.password_manager.ui_table.table_events - INFO - 准备添加'添加行'子菜单 (选中行数: 1)
2025-03-22 12:41:49,614 - ui.password_manager.ui_table.table_events - INFO - 已添加'添加行'子菜单，包含上方、下方和末尾三个选项
2025-03-22 12:41:49,614 - ui.password_manager.ui_table.table_events - INFO - 已添加'编辑行'选项
2025-03-22 12:41:52,203 - ui.password_manager.ui_table.table_events - INFO - 尝试在行13（上方）添加新行 [添加方式: 上方]
2025-03-22 12:41:52,204 - ui.password_manager.ui_table.table_edit - INFO - 在位置 12 添加新行
2025-03-22 12:41:52,213 - ui.password_manager.ui_guide - INFO - 用户已完成引导: first_edit，跳过显示
2025-03-22 12:41:52,213 - ui.password_manager.ui_guide - INFO - 用户已完成引导: first_edit，跳过显示
2025-03-22 12:41:52,215 - ui.password_manager.ui_table.table_events - INFO - 成功在行13（上方）添加新行，新行索引: 13 [添加方式: 上方]
2025-03-22 12:44:14,562 - user - INFO - 用户已登出
2025-03-22 12:46:19,029 - root - INFO - 密码管理系统启动
2025-03-22 12:46:19,029 - root - INFO - 初始化用户设置模块...
2025-03-22 12:46:19,030 - root - INFO - 用户设置模块已初始化
2025-03-22 12:46:20,201 - user - INFO - 用户 admin 登录成功
2025-03-22 12:46:20,202 - login_ui - INFO - 用户 admin 登录成功
2025-03-22 12:46:20,203 - root - INFO - 用户 admin 登录成功，准备打开密码管理界面
2025-03-22 12:46:20,288 - ui.password_manager.ui_table.base_table - INFO - 已设置必填字段自定义委托
2025-03-22 12:46:20,422 - ui.password_manager.ui_guide - INFO - 用户已完成引导: password_update，跳过显示
2025-03-22 12:46:21,233 - ui.password_manager.ui_table.table_events - INFO - 右键菜单 - 当前行: 6, 当前列: 5, 选中行数: 1, 选中行: [6]
2025-03-22 12:46:21,234 - ui.password_manager.ui_table.table_events - INFO - 选中的密码单元格数量: 1
2025-03-22 12:46:21,235 - ui.password_manager.ui_table.table_events - INFO - 准备添加'添加行'子菜单 (选中行数: 1)
2025-03-22 12:46:21,236 - ui.password_manager.ui_table.table_events - INFO - 已添加'添加行'子菜单，包含上方、下方和末尾三个选项
2025-03-22 12:46:21,236 - ui.password_manager.ui_table.table_events - INFO - 已添加'编辑行'选项
2025-03-22 12:46:25,442 - ui.password_manager.ui_table.table_events - INFO - 尝试在行6（上方）添加新行 [添加方式: 上方]
2025-03-22 12:46:25,443 - ui.password_manager.ui_table.table_edit - INFO - 在位置 5 添加新行
2025-03-22 12:46:25,448 - ui.password_manager.ui_table.table_edit - INFO - 开始编辑行 6
2025-03-22 12:46:25,449 - ui.password_manager.ui_guide - INFO - 用户已完成引导: first_edit，跳过显示
2025-03-22 12:46:25,450 - ui.password_manager.ui_guide - INFO - 用户已完成引导: first_edit，跳过显示
2025-03-22 12:46:25,451 - ui.password_manager.ui_table.table_edit - INFO - 已成功进入行 6 的编辑模式
2025-03-22 12:46:25,452 - ui.password_manager.ui_table.table_events - INFO - 成功在行6（上方）添加新行，新行索引: 6 [添加方式: 上方]
2025-03-22 12:46:26,718 - ui.password_manager.ui_table.table_edit - INFO - 取消编辑 - 第5行: 
2025-03-22 12:46:26,719 - ui.password_manager.ui_table.table_edit - INFO - 删除新添加的空行
2025-03-22 12:46:26,719 - ui.password_manager.ui_table.table_edit - INFO - 取消编辑完成，已恢复原始数据
2025-03-22 12:46:27,951 - ui.password_manager.ui_table.table_events - INFO - 右键菜单 - 当前行: 9, 当前列: 4, 选中行数: 1, 选中行: [9]
2025-03-22 12:46:27,952 - ui.password_manager.ui_table.table_events - INFO - 选中的密码单元格数量: 0
2025-03-22 12:46:27,952 - ui.password_manager.ui_table.table_events - INFO - 准备添加'添加行'子菜单 (选中行数: 1)
2025-03-22 12:46:27,953 - ui.password_manager.ui_table.table_events - INFO - 已添加'添加行'子菜单，包含上方、下方和末尾三个选项
2025-03-22 12:46:27,953 - ui.password_manager.ui_table.table_events - INFO - 已添加'编辑行'选项
2025-03-22 12:46:28,684 - ui.password_manager.ui_table.table_edit - INFO - 开始编辑行 9
2025-03-22 12:46:28,685 - ui.password_manager.ui_guide - INFO - 用户已完成引导: first_edit，跳过显示
2025-03-22 12:46:28,686 - ui.password_manager.ui_guide - INFO - 用户已完成引导: first_edit，跳过显示
2025-03-22 12:46:28,692 - ui.password_manager.ui_table.table_edit - INFO - 已成功进入行 9 的编辑模式
2025-03-22 12:46:30,047 - ui.password_manager.ui_table.table_edit - INFO - 取消编辑 - 第8行: 路由器
2025-03-22 12:46:30,047 - ui.password_manager.ui_table.table_edit - INFO - 取消编辑完成，已恢复原始数据
2025-03-22 12:46:31,023 - ui.password_manager.ui_table.table_events - INFO - 右键菜单 - 当前行: 10, 当前列: 4, 选中行数: 1, 选中行: [10]
2025-03-22 12:46:31,024 - ui.password_manager.ui_table.table_events - INFO - 选中的密码单元格数量: 0
2025-03-22 12:46:31,024 - ui.password_manager.ui_table.table_events - INFO - 准备添加'添加行'子菜单 (选中行数: 1)
2025-03-22 12:46:31,025 - ui.password_manager.ui_table.table_events - INFO - 已添加'添加行'子菜单，包含上方、下方和末尾三个选项
2025-03-22 12:46:31,025 - ui.password_manager.ui_table.table_events - INFO - 已添加'编辑行'选项
2025-03-22 12:46:31,954 - ui.password_manager.ui_table.table_edit - INFO - 开始编辑行 10
2025-03-22 12:46:31,956 - ui.password_manager.ui_guide - INFO - 用户已完成引导: first_edit，跳过显示
2025-03-22 12:46:31,956 - ui.password_manager.ui_guide - INFO - 用户已完成引导: first_edit，跳过显示
2025-03-22 12:46:31,961 - ui.password_manager.ui_table.table_edit - INFO - 已成功进入行 10 的编辑模式
2025-03-22 12:46:33,997 - ui.password_manager.ui_guide - INFO - 用户已完成引导: ip_field，跳过显示
2025-03-22 12:46:33,998 - ui.password_manager.ui_guide - INFO - 用户已完成引导: ip_field，跳过显示
2025-03-22 12:46:33,998 - ui.password_manager.ui_guide - INFO - 用户已完成引导: ip_field，跳过显示
2025-03-22 12:46:33,998 - ui.password_manager.ui_guide - INFO - 用户已完成引导: ip_field，跳过显示
2025-03-22 12:46:33,999 - ui.password_manager.ui_guide - INFO - 用户已完成引导: ip_field，跳过显示
2025-03-22 12:46:33,999 - ui.password_manager.ui_guide - INFO - 用户已完成引导: ip_field，跳过显示
2025-03-22 12:46:37,653 - ui.password_manager.ui_table.table_edit - INFO - 取消编辑 - 第9行: Kubernetes
2025-03-22 12:46:37,653 - ui.password_manager.ui_table.table_edit - INFO - 取消编辑完成，已恢复原始数据
2025-03-22 12:48:40,765 - user - INFO - 用户已登出
2025-03-22 12:48:42,821 - root - INFO - 密码管理系统启动
2025-03-22 12:48:42,821 - root - INFO - 初始化用户设置模块...
2025-03-22 12:48:42,822 - root - INFO - 用户设置模块已初始化
2025-03-22 12:48:48,980 - user - INFO - 用户 admin 登录成功
2025-03-22 12:48:48,981 - login_ui - INFO - 用户 admin 登录成功
2025-03-22 12:48:48,982 - root - INFO - 用户 admin 登录成功，准备打开密码管理界面
2025-03-22 12:48:49,037 - ui.password_manager.ui_table.base_table - INFO - 已设置必填字段自定义委托
2025-03-22 12:48:49,138 - ui.password_manager.ui_guide - INFO - 用户已完成引导: password_update，跳过显示
2025-03-22 12:48:50,104 - ui.password_manager.ui_table.table_events - INFO - 右键菜单 - 当前行: 7, 当前列: 4, 选中行数: 1, 选中行: [7]
2025-03-22 12:48:50,105 - ui.password_manager.ui_table.table_events - INFO - 选中的密码单元格数量: 0
2025-03-22 12:48:50,106 - ui.password_manager.ui_table.table_events - INFO - 准备添加'添加行'子菜单 (选中行数: 1)
2025-03-22 12:48:50,106 - ui.password_manager.ui_table.table_events - INFO - 已添加'添加行'子菜单，包含上方、下方和末尾三个选项
2025-03-22 12:48:50,107 - ui.password_manager.ui_table.table_events - INFO - 已添加'编辑行'选项
2025-03-22 12:48:51,803 - ui.password_manager.ui_table.table_events - INFO - 尝试在行7（上方）添加新行 [添加方式: 上方]
2025-03-22 12:48:51,803 - ui.password_manager.ui_table.table_edit - INFO - 在位置 6 添加新行
2025-03-22 12:48:51,807 - ui.password_manager.ui_table.table_edit - INFO - 开始编辑行 7
2025-03-22 12:48:51,809 - ui.password_manager.ui_guide - INFO - 用户已完成引导: first_edit，跳过显示
2025-03-22 12:48:51,810 - ui.password_manager.ui_guide - INFO - 用户已完成引导: first_edit，跳过显示
2025-03-22 12:48:51,811 - ui.password_manager.ui_table.table_edit - ERROR - 进入编辑模式时出错: type object 'QAbstractItemView' has no attribute 'SingleClicked'
2025-03-22 12:48:51,812 - ui.password_manager.ui_table.table_events - INFO - 成功在行7（上方）添加新行，新行索引: 7 [添加方式: 上方]
2025-03-22 12:48:53,124 - ui.password_manager.ui_table.table_edit - INFO - 取消编辑 - 第6行: 
2025-03-22 12:48:53,124 - ui.password_manager.ui_table.table_edit - INFO - 删除新添加的空行
2025-03-22 12:48:53,125 - ui.password_manager.ui_table.table_edit - INFO - 取消编辑完成，已恢复原始数据
2025-03-22 12:49:01,230 - ui.password_manager.ui_table.table_events - INFO - 右键菜单 - 当前行: 5, 当前列: 3, 选中行数: 1, 选中行: [5]
2025-03-22 12:49:01,230 - ui.password_manager.ui_table.table_events - INFO - 选中的密码单元格数量: 0
2025-03-22 12:49:01,231 - ui.password_manager.ui_table.table_events - INFO - 准备添加'添加行'子菜单 (选中行数: 1)
2025-03-22 12:49:01,232 - ui.password_manager.ui_table.table_events - INFO - 已添加'添加行'子菜单，包含上方、下方和末尾三个选项
2025-03-22 12:49:01,232 - ui.password_manager.ui_table.table_events - INFO - 已添加'编辑行'选项
2025-03-22 12:49:08,797 - ui.password_manager.ui_table.table_events - INFO - 右键菜单 - 当前行: 8, 当前列: 4, 选中行数: 1, 选中行: [8]
2025-03-22 12:49:08,798 - ui.password_manager.ui_table.table_events - INFO - 选中的密码单元格数量: 0
2025-03-22 12:49:08,799 - ui.password_manager.ui_table.table_events - INFO - 准备添加'添加行'子菜单 (选中行数: 1)
2025-03-22 12:49:08,799 - ui.password_manager.ui_table.table_events - INFO - 已添加'添加行'子菜单，包含上方、下方和末尾三个选项
2025-03-22 12:49:08,800 - ui.password_manager.ui_table.table_events - INFO - 已添加'编辑行'选项
2025-03-22 12:49:09,950 - ui.password_manager.ui_table.table_edit - INFO - 开始编辑行 8
2025-03-22 12:49:09,952 - ui.password_manager.ui_guide - INFO - 用户已完成引导: first_edit，跳过显示
2025-03-22 12:49:09,952 - ui.password_manager.ui_guide - INFO - 用户已完成引导: first_edit，跳过显示
2025-03-22 12:49:09,957 - ui.password_manager.ui_table.table_edit - ERROR - 进入编辑模式时出错: type object 'QAbstractItemView' has no attribute 'SingleClicked'
2025-03-22 12:49:16,150 - ui.password_manager.ui_table.table_events - INFO - 右键菜单 - 当前行: 6, 当前列: 3, 选中行数: 1, 选中行: [6]
2025-03-22 12:49:16,151 - ui.password_manager.ui_table.table_events - INFO - 选中的密码单元格数量: 0
2025-03-22 12:49:16,151 - ui.password_manager.ui_table.table_events - INFO - 准备添加'添加行'子菜单 (选中行数: 1)
2025-03-22 12:49:16,152 - ui.password_manager.ui_table.table_events - INFO - 已添加'添加行'子菜单，包含上方、下方和末尾三个选项
2025-03-22 12:49:16,152 - ui.password_manager.ui_table.table_events - INFO - 已添加'编辑行'选项
2025-03-22 12:49:17,055 - ui.password_manager.ui_table.table_edit - INFO - 开始编辑行 6
2025-03-22 12:49:17,057 - ui.password_manager.ui_guide - INFO - 用户已完成引导: first_edit，跳过显示
2025-03-22 12:49:17,057 - ui.password_manager.ui_guide - INFO - 用户已完成引导: first_edit，跳过显示
2025-03-22 12:49:17,061 - ui.password_manager.ui_table.table_edit - ERROR - 进入编辑模式时出错: type object 'QAbstractItemView' has no attribute 'SingleClicked'
2025-03-22 12:49:18,957 - ui.password_manager.ui_table.table_events - INFO - 右键菜单 - 当前行: 6, 当前列: 4, 选中行数: 1, 选中行: [6]
2025-03-22 12:49:18,957 - ui.password_manager.ui_table.table_events - INFO - 选中的密码单元格数量: 0
2025-03-22 12:49:18,958 - ui.password_manager.ui_table.table_events - INFO - 准备添加'添加行'子菜单 (选中行数: 1)
2025-03-22 12:49:18,959 - ui.password_manager.ui_table.table_events - INFO - 已添加'添加行'子菜单，包含上方、下方和末尾三个选项
2025-03-22 12:49:18,959 - ui.password_manager.ui_table.table_events - INFO - 已添加'编辑行'选项
2025-03-22 12:49:19,403 - ui.password_manager.ui_table.table_events - INFO - 右键菜单 - 当前行: 3, 当前列: 4, 选中行数: 1, 选中行: [3]
2025-03-22 12:49:19,403 - ui.password_manager.ui_table.table_events - INFO - 选中的密码单元格数量: 0
2025-03-22 12:49:19,404 - ui.password_manager.ui_table.table_events - INFO - 准备添加'添加行'子菜单 (选中行数: 1)
2025-03-22 12:49:19,404 - ui.password_manager.ui_table.table_events - INFO - 已添加'添加行'子菜单，包含上方、下方和末尾三个选项
2025-03-22 12:49:19,405 - ui.password_manager.ui_table.table_events - INFO - 已添加'编辑行'选项
2025-03-22 12:49:21,739 - ui.password_manager.ui_table.table_events - INFO - 右键菜单 - 当前行: 10, 当前列: 3, 选中行数: 1, 选中行: [10]
2025-03-22 12:49:21,740 - ui.password_manager.ui_table.table_events - INFO - 选中的密码单元格数量: 0
2025-03-22 12:49:21,740 - ui.password_manager.ui_table.table_events - INFO - 准备添加'添加行'子菜单 (选中行数: 1)
2025-03-22 12:49:21,742 - ui.password_manager.ui_table.table_events - INFO - 已添加'添加行'子菜单，包含上方、下方和末尾三个选项
2025-03-22 12:49:21,743 - ui.password_manager.ui_table.table_events - INFO - 已添加'编辑行'选项
2025-03-22 12:49:31,525 - ui.password_manager.ui_table.table_events - INFO - 右键菜单 - 当前行: 12, 当前列: 3, 选中行数: 1, 选中行: [12]
2025-03-22 12:49:31,526 - ui.password_manager.ui_table.table_events - INFO - 选中的密码单元格数量: 0
2025-03-22 12:49:31,527 - ui.password_manager.ui_table.table_events - INFO - 准备添加'添加行'子菜单 (选中行数: 1)
2025-03-22 12:49:31,527 - ui.password_manager.ui_table.table_events - INFO - 已添加'添加行'子菜单，包含上方、下方和末尾三个选项
2025-03-22 12:49:31,527 - ui.password_manager.ui_table.table_events - INFO - 已添加'编辑行'选项
2025-03-22 12:49:33,006 - ui.password_manager.ui_table.table_edit - INFO - 开始编辑行 12
2025-03-22 12:49:33,007 - ui.password_manager.ui_guide - INFO - 用户已完成引导: first_edit，跳过显示
2025-03-22 12:49:33,008 - ui.password_manager.ui_guide - INFO - 用户已完成引导: first_edit，跳过显示
2025-03-22 12:49:33,013 - ui.password_manager.ui_table.table_edit - ERROR - 进入编辑模式时出错: type object 'QAbstractItemView' has no attribute 'SingleClicked'
2025-03-22 12:49:36,822 - ui.password_manager.ui_table.table_events - INFO - 右键菜单 - 当前行: 5, 当前列: 5, 选中行数: 1, 选中行: [5]
2025-03-22 12:49:36,822 - ui.password_manager.ui_table.table_events - INFO - 选中的密码单元格数量: 1
2025-03-22 12:49:36,823 - ui.password_manager.ui_table.table_events - INFO - 准备添加'添加行'子菜单 (选中行数: 1)
2025-03-22 12:49:36,823 - ui.password_manager.ui_table.table_events - INFO - 已添加'添加行'子菜单，包含上方、下方和末尾三个选项
2025-03-22 12:49:36,824 - ui.password_manager.ui_table.table_events - INFO - 已添加'编辑行'选项
2025-03-22 12:49:39,441 - user - INFO - 用户已登出
2025-03-22 12:49:43,604 - root - INFO - 密码管理系统启动
2025-03-22 12:49:43,605 - root - INFO - 初始化用户设置模块...
2025-03-22 12:49:43,605 - root - INFO - 用户设置模块已初始化
2025-03-22 12:49:44,779 - user - INFO - 用户 admin 登录成功
2025-03-22 12:49:44,780 - login_ui - INFO - 用户 admin 登录成功
2025-03-22 12:49:44,781 - root - INFO - 用户 admin 登录成功，准备打开密码管理界面
2025-03-22 12:49:44,828 - ui.password_manager.ui_table.base_table - INFO - 已设置必填字段自定义委托
2025-03-22 12:49:44,935 - ui.password_manager.ui_guide - INFO - 用户已完成引导: password_update，跳过显示
2025-03-22 12:49:45,536 - ui.password_manager.ui_table.table_events - INFO - 右键菜单 - 当前行: 5, 当前列: 4, 选中行数: 1, 选中行: [5]
2025-03-22 12:49:45,537 - ui.password_manager.ui_table.table_events - INFO - 选中的密码单元格数量: 0
2025-03-22 12:49:45,537 - ui.password_manager.ui_table.table_events - INFO - 准备添加'添加行'子菜单 (选中行数: 1)
2025-03-22 12:49:45,538 - ui.password_manager.ui_table.table_events - INFO - 已添加'添加行'子菜单，包含上方、下方和末尾三个选项
2025-03-22 12:49:45,538 - ui.password_manager.ui_table.table_events - INFO - 已添加'编辑行'选项
2025-03-22 12:49:46,215 - ui.password_manager.ui_table.table_edit - INFO - 开始编辑行 5
2025-03-22 12:49:46,217 - ui.password_manager.ui_guide - INFO - 用户已完成引导: first_edit，跳过显示
2025-03-22 12:49:46,217 - ui.password_manager.ui_guide - INFO - 用户已完成引导: first_edit，跳过显示
2025-03-22 12:49:46,222 - ui.password_manager.ui_table.table_edit - ERROR - 进入编辑模式时出错: type object 'QAbstractItemView' has no attribute 'SingleClicked'
2025-03-22 12:49:48,372 - ui.password_manager.ui_table.table_events - INFO - 右键菜单 - 当前行: 10, 当前列: 5, 选中行数: 1, 选中行: [10]
2025-03-22 12:49:48,373 - ui.password_manager.ui_table.table_events - INFO - 选中的密码单元格数量: 1
2025-03-22 12:49:48,374 - ui.password_manager.ui_table.table_events - INFO - 准备添加'添加行'子菜单 (选中行数: 1)
2025-03-22 12:49:48,374 - ui.password_manager.ui_table.table_events - INFO - 已添加'添加行'子菜单，包含上方、下方和末尾三个选项
2025-03-22 12:49:48,375 - ui.password_manager.ui_table.table_events - INFO - 已添加'编辑行'选项
2025-03-22 12:50:59,151 - ui.password_manager.ui_table.table_events - INFO - 右键菜单 - 当前行: 13, 当前列: 2, 选中行数: 1, 选中行: [13]
2025-03-22 12:50:59,152 - ui.password_manager.ui_table.table_events - INFO - 选中的密码单元格数量: 0
2025-03-22 12:50:59,152 - ui.password_manager.ui_table.table_events - INFO - 准备添加'添加行'子菜单 (选中行数: 1)
2025-03-22 12:50:59,153 - ui.password_manager.ui_table.table_events - INFO - 已添加'添加行'子菜单，包含上方、下方和末尾三个选项
2025-03-22 12:50:59,154 - ui.password_manager.ui_table.table_events - INFO - 已添加'编辑行'选项
2025-03-22 12:51:00,037 - ui.password_manager.ui_table.table_edit - INFO - 开始编辑行 13
2025-03-22 12:51:00,039 - ui.password_manager.ui_guide - INFO - 用户已完成引导: first_edit，跳过显示
2025-03-22 12:51:00,039 - ui.password_manager.ui_guide - INFO - 用户已完成引导: first_edit，跳过显示
2025-03-22 12:51:00,044 - ui.password_manager.ui_table.table_edit - ERROR - 进入编辑模式时出错: type object 'QAbstractItemView' has no attribute 'SingleClicked'
2025-03-22 12:54:13,786 - user - INFO - 用户已登出
2025-03-22 12:54:17,216 - root - INFO - 密码管理系统启动
2025-03-22 12:54:17,217 - root - INFO - 初始化用户设置模块...
2025-03-22 12:54:17,217 - root - INFO - 用户设置模块已初始化
2025-03-22 12:54:18,489 - user - INFO - 用户 admin 登录成功
2025-03-22 12:54:18,489 - login_ui - INFO - 用户 admin 登录成功
2025-03-22 12:54:18,490 - root - INFO - 用户 admin 登录成功，准备打开密码管理界面
2025-03-22 12:54:18,540 - ui.password_manager.ui_table.base_table - INFO - 已设置必填字段自定义委托
2025-03-22 12:54:18,642 - ui.password_manager.ui_guide - INFO - 用户已完成引导: password_update，跳过显示
2025-03-22 12:54:19,316 - ui.password_manager.ui_table.table_events - INFO - 右键菜单 - 当前行: 7, 当前列: 5, 选中行数: 1, 选中行: [7]
2025-03-22 12:54:19,317 - ui.password_manager.ui_table.table_events - INFO - 选中的密码单元格数量: 1
2025-03-22 12:54:19,318 - ui.password_manager.ui_table.table_events - INFO - 准备添加'添加行'子菜单 (选中行数: 1)
2025-03-22 12:54:19,318 - ui.password_manager.ui_table.table_events - INFO - 已添加'添加行'子菜单，包含上方、下方和末尾三个选项
2025-03-22 12:54:19,319 - ui.password_manager.ui_table.table_events - INFO - 已添加'编辑行'选项
2025-03-22 12:54:21,460 - ui.password_manager.ui_table.table_events - INFO - 尝试在行7（上方）添加新行 [添加方式: 上方]
2025-03-22 12:54:21,461 - ui.password_manager.ui_table.table_edit - INFO - 在位置 6 添加新行
2025-03-22 12:54:21,465 - ui.password_manager.ui_table.table_edit - INFO - 开始编辑行 7
2025-03-22 12:54:21,467 - ui.password_manager.ui_guide - INFO - 用户已完成引导: first_edit，跳过显示
2025-03-22 12:54:21,467 - ui.password_manager.ui_guide - INFO - 用户已完成引导: first_edit，跳过显示
2025-03-22 12:54:21,469 - ui.password_manager.ui_table.table_edit - INFO - 已成功进入行 7 的编辑模式
2025-03-22 12:54:21,470 - ui.password_manager.ui_table.table_events - INFO - 成功在行7（上方）添加新行，新行索引: 7 [添加方式: 上方]
2025-03-22 12:54:24,069 - ui.password_manager.ui_table.table_edit - INFO - 取消编辑 - 第7行: 
2025-03-22 12:54:24,087 - ui.password_manager.ui_table.table_edit - INFO - 删除新添加的空行
2025-03-22 12:54:24,088 - ui.password_manager.ui_table.table_edit - INFO - 取消编辑完成，已恢复原始数据
2025-03-22 12:54:25,407 - ui.password_manager.ui_table.table_events - INFO - 右键菜单 - 当前行: 9, 当前列: 4, 选中行数: 1, 选中行: [9]
2025-03-22 12:54:25,408 - ui.password_manager.ui_table.table_events - INFO - 选中的密码单元格数量: 0
2025-03-22 12:54:25,409 - ui.password_manager.ui_table.table_events - INFO - 准备添加'添加行'子菜单 (选中行数: 1)
2025-03-22 12:54:25,409 - ui.password_manager.ui_table.table_events - INFO - 已添加'添加行'子菜单，包含上方、下方和末尾三个选项
2025-03-22 12:54:25,410 - ui.password_manager.ui_table.table_events - INFO - 已添加'编辑行'选项
2025-03-22 12:54:26,207 - ui.password_manager.ui_table.table_edit - INFO - 开始编辑行 9
2025-03-22 12:54:26,209 - ui.password_manager.ui_guide - INFO - 用户已完成引导: first_edit，跳过显示
2025-03-22 12:54:26,209 - ui.password_manager.ui_guide - INFO - 用户已完成引导: first_edit，跳过显示
2025-03-22 12:54:26,214 - ui.password_manager.ui_table.table_edit - INFO - 已成功进入行 9 的编辑模式
2025-03-22 12:54:34,129 - ui.password_manager.ui_table.table_edit - INFO - 取消编辑 - 第9行: 路由器
2025-03-22 12:54:34,130 - ui.password_manager.ui_table.table_edit - INFO - 取消编辑完成，已恢复原始数据
2025-03-22 12:54:35,135 - ui.password_manager.ui_table.table_events - INFO - 右键菜单 - 当前行: 9, 当前列: 5, 选中行数: 1, 选中行: [9]
2025-03-22 12:54:35,136 - ui.password_manager.ui_table.table_events - INFO - 选中的密码单元格数量: 1
2025-03-22 12:54:35,137 - ui.password_manager.ui_table.table_events - INFO - 准备添加'添加行'子菜单 (选中行数: 1)
2025-03-22 12:54:35,137 - ui.password_manager.ui_table.table_events - INFO - 已添加'添加行'子菜单，包含上方、下方和末尾三个选项
2025-03-22 12:54:35,138 - ui.password_manager.ui_table.table_events - INFO - 已添加'编辑行'选项
2025-03-22 12:54:36,169 - ui.password_manager.ui_table.table_edit - INFO - 开始编辑行 9
2025-03-22 12:54:36,170 - ui.password_manager.ui_guide - INFO - 用户已完成引导: first_edit，跳过显示
2025-03-22 12:54:36,171 - ui.password_manager.ui_guide - INFO - 用户已完成引导: first_edit，跳过显示
2025-03-22 12:54:36,174 - ui.password_manager.ui_table.table_edit - INFO - 已成功进入行 9 的编辑模式
2025-03-22 12:54:39,137 - ui.password_manager.ui_table.table_edit - INFO - 取消编辑 - 第9行: 路由器
2025-03-22 12:54:39,138 - ui.password_manager.ui_table.table_edit - INFO - 取消编辑完成，已恢复原始数据
2025-03-22 12:54:40,480 - ui.password_manager.ui_table.table_events - INFO - 右键菜单 - 当前行: 14, 当前列: 5, 选中行数: 1, 选中行: [14]
2025-03-22 12:54:40,481 - ui.password_manager.ui_table.table_events - INFO - 选中的密码单元格数量: 1
2025-03-22 12:54:40,481 - ui.password_manager.ui_table.table_events - INFO - 准备添加'添加行'子菜单 (选中行数: 1)
2025-03-22 12:54:40,482 - ui.password_manager.ui_table.table_events - INFO - 已添加'添加行'子菜单，包含上方、下方和末尾三个选项
2025-03-22 12:54:40,482 - ui.password_manager.ui_table.table_events - INFO - 已添加'编辑行'选项
2025-03-22 12:54:42,887 - ui.password_manager.ui_table.table_events - INFO - 右键菜单 - 当前行: 2, 当前列: 4, 选中行数: 1, 选中行: [2]
2025-03-22 12:54:42,887 - ui.password_manager.ui_table.table_events - INFO - 选中的密码单元格数量: 0
2025-03-22 12:54:42,888 - ui.password_manager.ui_table.table_events - INFO - 准备添加'添加行'子菜单 (选中行数: 1)
2025-03-22 12:54:42,889 - ui.password_manager.ui_table.table_events - INFO - 已添加'添加行'子菜单，包含上方、下方和末尾三个选项
2025-03-22 12:54:42,889 - ui.password_manager.ui_table.table_events - INFO - 已添加'编辑行'选项
2025-03-22 12:54:44,435 - ui.password_manager.ui_table.table_events - INFO - 尝试在行2（上方）添加新行 [添加方式: 上方]
2025-03-22 12:54:44,436 - ui.password_manager.ui_table.table_edit - INFO - 在位置 1 添加新行
2025-03-22 12:54:44,439 - ui.password_manager.ui_table.table_edit - INFO - 开始编辑行 2
2025-03-22 12:54:44,441 - ui.password_manager.ui_guide - INFO - 用户已完成引导: first_edit，跳过显示
2025-03-22 12:54:44,441 - ui.password_manager.ui_guide - INFO - 用户已完成引导: first_edit，跳过显示
2025-03-22 12:54:44,443 - ui.password_manager.ui_table.table_edit - INFO - 已成功进入行 2 的编辑模式
2025-03-22 12:54:44,444 - ui.password_manager.ui_table.table_events - INFO - 成功在行2（上方）添加新行，新行索引: 2 [添加方式: 上方]
2025-03-22 12:55:02,668 - password - INFO - 为所有者 徐国明 添加密码记录成功
2025-03-22 12:57:21,779 - ui.password_manager.ui_table.table_events - INFO - 右键菜单 - 当前行: 29, 当前列: 2, 选中行数: 1, 选中行: [29]
2025-03-22 12:57:21,780 - ui.password_manager.ui_table.table_events - INFO - 选中的密码单元格数量: 0
2025-03-22 12:57:21,781 - ui.password_manager.ui_table.table_events - INFO - 准备添加'添加行'子菜单 (选中行数: 1)
2025-03-22 12:57:21,781 - ui.password_manager.ui_table.table_events - INFO - 已添加'添加行'子菜单，包含上方、下方和末尾三个选项
2025-03-22 12:57:21,782 - ui.password_manager.ui_table.table_events - INFO - 已添加'编辑行'选项
2025-03-22 12:57:24,187 - ui.password_manager.ui_table.table_events - INFO - 尝试在行30（下方）添加新行 [添加方式: 下方]
2025-03-22 12:57:24,187 - ui.password_manager.ui_table.table_edit - INFO - 在位置 29 添加新行
2025-03-22 12:57:24,192 - ui.password_manager.ui_table.table_edit - INFO - 开始编辑行 30
2025-03-22 12:57:24,195 - ui.password_manager.ui_guide - INFO - 用户已完成引导: first_edit，跳过显示
2025-03-22 12:57:24,195 - ui.password_manager.ui_guide - INFO - 用户已完成引导: first_edit，跳过显示
2025-03-22 12:57:24,197 - ui.password_manager.ui_table.table_edit - INFO - 已成功进入行 30 的编辑模式
2025-03-22 12:57:24,198 - ui.password_manager.ui_table.table_events - INFO - 成功在行30（下方）添加新行，新行索引: 30 [添加方式: 下方]
2025-03-22 12:57:28,332 - ui.password_manager.ui_table.table_edit - INFO - 取消编辑 - 第30行: 华为云
2025-03-22 12:57:28,362 - ui.password_manager.ui_table.table_edit - INFO - 删除新添加的空行
2025-03-22 12:57:28,363 - ui.password_manager.ui_table.table_edit - INFO - 取消编辑完成，已恢复原始数据
2025-03-22 12:57:32,699 - ui.password_manager.ui_table.table_events - INFO - 右键菜单 - 当前行: 4, 当前列: 2, 选中行数: 1, 选中行: [4]
2025-03-22 12:57:32,700 - ui.password_manager.ui_table.table_events - INFO - 选中的密码单元格数量: 0
2025-03-22 12:57:32,701 - ui.password_manager.ui_table.table_events - INFO - 准备添加'添加行'子菜单 (选中行数: 1)
2025-03-22 12:57:32,701 - ui.password_manager.ui_table.table_events - INFO - 已添加'添加行'子菜单，包含上方、下方和末尾三个选项
2025-03-22 12:57:32,702 - ui.password_manager.ui_table.table_events - INFO - 已添加'编辑行'选项
2025-03-22 12:57:34,986 - ui.password_manager.ui_table.table_events - INFO - 尝试在行4（上方）添加新行 [添加方式: 上方]
2025-03-22 12:57:34,986 - ui.password_manager.ui_table.table_edit - INFO - 在位置 3 添加新行
2025-03-22 12:57:34,992 - ui.password_manager.ui_table.table_edit - INFO - 开始编辑行 4
2025-03-22 12:57:34,994 - ui.password_manager.ui_guide - INFO - 用户已完成引导: first_edit，跳过显示
2025-03-22 12:57:34,995 - ui.password_manager.ui_guide - INFO - 用户已完成引导: first_edit，跳过显示
2025-03-22 12:57:34,997 - ui.password_manager.ui_table.table_edit - INFO - 已成功进入行 4 的编辑模式
2025-03-22 12:57:34,998 - ui.password_manager.ui_table.table_events - INFO - 成功在行4（上方）添加新行，新行索引: 4 [添加方式: 上方]
2025-03-22 12:57:40,323 - ui.password_manager.ui_table.table_edit - INFO - 取消编辑 - 第4行: 堡垒机
2025-03-22 12:57:40,366 - ui.password_manager.ui_table.table_edit - INFO - 删除新添加的空行
2025-03-22 12:57:40,367 - ui.password_manager.ui_table.table_edit - INFO - 取消编辑完成，已恢复原始数据
2025-03-22 12:57:41,427 - ui.password_manager.ui_table.table_events - INFO - 右键菜单 - 当前行: 14, 当前列: 1, 选中行数: 1, 选中行: [14]
2025-03-22 12:57:41,428 - ui.password_manager.ui_table.table_events - INFO - 选中的密码单元格数量: 0
2025-03-22 12:57:41,429 - ui.password_manager.ui_table.table_events - INFO - 准备添加'添加行'子菜单 (选中行数: 1)
2025-03-22 12:57:41,429 - ui.password_manager.ui_table.table_events - INFO - 已添加'添加行'子菜单，包含上方、下方和末尾三个选项
2025-03-22 12:57:41,430 - ui.password_manager.ui_table.table_events - INFO - 已添加'编辑行'选项
2025-03-22 12:57:42,489 - ui.password_manager.ui_table.table_events - INFO - 尝试在行14（上方）添加新行 [添加方式: 上方]
2025-03-22 12:57:42,490 - ui.password_manager.ui_table.table_edit - INFO - 在位置 13 添加新行
2025-03-22 12:57:42,494 - ui.password_manager.ui_table.table_edit - INFO - 开始编辑行 14
2025-03-22 12:57:42,496 - ui.password_manager.ui_guide - INFO - 用户已完成引导: first_edit，跳过显示
2025-03-22 12:57:42,497 - ui.password_manager.ui_guide - INFO - 用户已完成引导: first_edit，跳过显示
2025-03-22 12:57:42,499 - ui.password_manager.ui_table.table_edit - INFO - 已成功进入行 14 的编辑模式
2025-03-22 12:57:42,499 - ui.password_manager.ui_table.table_events - INFO - 成功在行14（上方）添加新行，新行索引: 14 [添加方式: 上方]
2025-03-22 12:57:51,467 - ui.password_manager.ui_table.table_edit - INFO - 取消编辑 - 第14行: VPN
2025-03-22 12:57:51,487 - ui.password_manager.ui_table.table_edit - INFO - 删除新添加的空行
2025-03-22 12:57:51,488 - ui.password_manager.ui_table.table_edit - INFO - 取消编辑完成，已恢复原始数据
2025-03-22 12:57:59,398 - user - INFO - 用户已登出
2025-03-22 12:59:23,815 - root - INFO - 密码管理系统启动
2025-03-22 12:59:23,815 - root - INFO - 初始化用户设置模块...
2025-03-22 12:59:23,816 - root - INFO - 用户设置模块已初始化
2025-03-22 12:59:25,345 - user - INFO - 用户 admin 登录成功
2025-03-22 12:59:25,345 - login_ui - INFO - 用户 admin 登录成功
2025-03-22 12:59:25,346 - root - INFO - 用户 admin 登录成功，准备打开密码管理界面
2025-03-22 12:59:25,399 - ui.password_manager.ui_table.base_table - INFO - 已设置必填字段自定义委托
2025-03-22 12:59:25,514 - ui.password_manager.ui_guide - INFO - 用户已完成引导: password_update，跳过显示
2025-03-22 12:59:26,642 - ui.password_manager.ui_table.table_events - INFO - 右键菜单 - 当前行: 3, 当前列: 4, 选中行数: 1, 选中行: [3]
2025-03-22 12:59:26,642 - ui.password_manager.ui_table.table_events - INFO - 选中的密码单元格数量: 0
2025-03-22 12:59:26,643 - ui.password_manager.ui_table.table_events - INFO - 准备添加'添加行'子菜单 (选中行数: 1)
2025-03-22 12:59:26,643 - ui.password_manager.ui_table.table_events - INFO - 已添加'添加行'子菜单，包含上方、下方和末尾三个选项
2025-03-22 12:59:26,644 - ui.password_manager.ui_table.table_events - INFO - 已添加'编辑行'选项
2025-03-22 12:59:28,704 - ui.password_manager.ui_table.table_events - INFO - 右键菜单 - 当前行: 5, 当前列: 2, 选中行数: 1, 选中行: [5]
2025-03-22 12:59:28,705 - ui.password_manager.ui_table.table_events - INFO - 选中的密码单元格数量: 0
2025-03-22 12:59:28,705 - ui.password_manager.ui_table.table_events - INFO - 准备添加'添加行'子菜单 (选中行数: 1)
2025-03-22 12:59:28,706 - ui.password_manager.ui_table.table_events - INFO - 已添加'添加行'子菜单，包含上方、下方和末尾三个选项
2025-03-22 12:59:28,706 - ui.password_manager.ui_table.table_events - INFO - 已添加'编辑行'选项
2025-03-22 12:59:29,674 - ui.password_manager.ui_table.table_edit - INFO - 开始编辑行 5
2025-03-22 12:59:29,676 - ui.password_manager.ui_guide - INFO - 用户已完成引导: first_edit，跳过显示
2025-03-22 12:59:29,676 - ui.password_manager.ui_guide - INFO - 用户已完成引导: first_edit，跳过显示
2025-03-22 12:59:29,681 - ui.password_manager.ui_table.table_edit - INFO - 已成功进入行 5 的编辑模式
2025-03-22 12:59:31,271 - ui.password_manager.ui_table.table_edit - INFO - 取消编辑 - 第5行: SQL Server
2025-03-22 12:59:31,274 - ui.password_manager.ui_table.table_edit - INFO - 取消编辑完成，已恢复原始数据
2025-03-22 12:59:31,894 - ui.password_manager.ui_table.table_events - INFO - 右键菜单 - 当前行: 8, 当前列: 3, 选中行数: 1, 选中行: [8]
2025-03-22 12:59:31,895 - ui.password_manager.ui_table.table_events - INFO - 选中的密码单元格数量: 0
2025-03-22 12:59:31,896 - ui.password_manager.ui_table.table_events - INFO - 准备添加'添加行'子菜单 (选中行数: 1)
2025-03-22 12:59:31,896 - ui.password_manager.ui_table.table_events - INFO - 已添加'添加行'子菜单，包含上方、下方和末尾三个选项
2025-03-22 12:59:31,897 - ui.password_manager.ui_table.table_events - INFO - 已添加'编辑行'选项
2025-03-22 12:59:33,732 - ui.password_manager.ui_table.table_events - INFO - 尝试在行8（上方）添加新行 [添加方式: 上方]
2025-03-22 12:59:33,734 - ui.password_manager.ui_table.table_edit - INFO - 在位置 7 添加新行
2025-03-22 12:59:33,737 - ui.password_manager.ui_table.table_edit - INFO - 开始编辑行 8
2025-03-22 12:59:33,739 - ui.password_manager.ui_guide - INFO - 用户已完成引导: first_edit，跳过显示
2025-03-22 12:59:33,739 - ui.password_manager.ui_guide - INFO - 用户已完成引导: first_edit，跳过显示
2025-03-22 12:59:33,740 - ui.password_manager.ui_table.table_edit - INFO - 已成功进入行 8 的编辑模式
2025-03-22 12:59:33,741 - ui.password_manager.ui_table.table_events - INFO - 成功在行8（上方）添加新行，新行索引: 8 [添加方式: 上方]
2025-03-22 12:59:49,451 - ui.password_manager.ui_table.table_edit - INFO - 记录位置信息: 在位置 7 插入新行
2025-03-22 12:59:49,452 - password - INFO - 在位置 8 插入新记录
2025-03-22 12:59:49,453 - password - INFO - 为所有者 徐国明 添加密码记录成功
