2025-03-13 09:18:56,292 - root - INFO - 密码管理系统启动
2025-03-13 09:18:58,818 - user - INFO - 用户 admin 登录成功
2025-03-13 09:18:58,818 - login_ui - INFO - 用户 admin 登录成功
2025-03-13 09:18:58,819 - root - INFO - 用户 admin 登录成功，准备打开密码管理界面
2025-03-13 09:19:01,209 - ui.password_manager.ui_table.table_events - INFO - 右键菜单 - 当前行: 3, 当前列: 5, 选中行数: 2, 选中行: [2, 3]
2025-03-13 09:19:01,209 - ui.password_manager.ui_table.table_events - INFO - 选中的密码单元格数量: 2
2025-03-13 09:19:02,129 - ui.password_manager.ui_table.table_password - INFO - 已为第2行生成8位随机密码 (服务器密码)
2025-03-13 09:19:02,130 - ui.password_manager.ui_table.table_password - INFO - 已为第3行生成8位随机密码 (服务器密码)
2025-03-13 09:19:02,131 - ui.password_manager.ui_table.table_password - INFO - 生成密码后一次性进入编辑模式 - 共 2 行
2025-03-13 09:19:02,136 - ui.password_manager.ui_table.table_password - INFO - 已为2个密码单元格生成8位随机密码
2025-03-13 09:19:05,912 - ui.password_manager.ui_table.table_edit - INFO - 取消编辑 - 第3行: 互联网
2025-03-13 09:19:05,912 - ui.password_manager.ui_table.table_edit - INFO - 取消批量编辑 - 共2行
2025-03-13 09:19:05,912 - ui.password_manager.ui_table.table_edit - INFO - 取消批量编辑项目: 域控制器、互联网
2025-03-13 09:19:05,916 - ui.password_manager.ui_table.table_edit - INFO - 取消编辑完成，已恢复原始数据
2025-03-13 09:30:10,095 - user - INFO - 用户已登出
2025-03-13 09:30:13,266 - root - INFO - 密码管理系统启动
2025-03-13 09:30:15,240 - user - INFO - 用户 admin 登录成功
2025-03-13 09:30:15,241 - login_ui - INFO - 用户 admin 登录成功
2025-03-13 09:30:15,242 - root - INFO - 用户 admin 登录成功，准备打开密码管理界面
2025-03-13 09:30:17,400 - ui.password_manager.ui_table.table_events - INFO - 右键菜单 - 当前行: 3, 当前列: 5, 选中行数: 2, 选中行: [2, 3]
2025-03-13 09:30:17,400 - ui.password_manager.ui_table.table_events - INFO - 选中的密码单元格数量: 2
2025-03-13 09:30:18,177 - ui.password_manager.ui_table.table_password - INFO - 已为第2行生成8位随机密码 (服务器密码)
2025-03-13 09:30:18,177 - ui.password_manager.ui_table.table_password - INFO - 已为第3行生成8位随机密码 (服务器密码)
2025-03-13 09:30:18,178 - ui.password_manager.ui_table.table_password - INFO - 生成密码后一次性进入编辑模式 - 共 2 行
2025-03-13 09:30:18,183 - ui.password_manager.ui_table.table_password - INFO - 已为2个密码单元格生成8位随机密码
2025-03-13 09:30:20,329 - ui.password_manager.ui_table.table_edit - INFO - 取消编辑 - 第3行: 互联网
2025-03-13 09:30:20,329 - ui.password_manager.ui_table.table_edit - INFO - 取消批量编辑 - 共2行
2025-03-13 09:30:20,329 - ui.password_manager.ui_table.table_edit - INFO - 取消批量编辑项目: 域控制器、互联网
2025-03-13 09:30:20,333 - ui.password_manager.ui_table.table_edit - INFO - 取消编辑完成，已恢复原始数据
2025-03-13 09:33:47,246 - ui.password_manager.ui_table.table_events - INFO - 右键菜单 - 当前行: 3, 当前列: 5, 选中行数: 1, 选中行: [3]
2025-03-13 09:33:47,246 - ui.password_manager.ui_table.table_events - INFO - 选中的密码单元格数量: 1
2025-03-13 09:33:47,951 - ui.password_manager.ui_table.table_password - INFO - 已为第3行生成8位随机密码 (服务器密码)
2025-03-13 09:33:47,952 - ui.password_manager.ui_table.table_password - INFO - 生成密码后一次性进入编辑模式 - 共 1 行
2025-03-13 09:33:47,954 - ui.password_manager.ui_table.table_password - INFO - 已为1个密码单元格生成8位随机密码
2025-03-13 09:33:48,478 - ui.password_manager.ui_table.table_edit - INFO - 取消编辑 - 第3行: 互联网
2025-03-13 09:33:48,478 - ui.password_manager.ui_table.table_edit - INFO - 取消批量编辑 - 共1行
2025-03-13 09:33:48,479 - ui.password_manager.ui_table.table_edit - INFO - 取消批量编辑项目: 互联网
2025-03-13 09:33:48,482 - ui.password_manager.ui_table.table_edit - INFO - 取消编辑完成，已恢复原始数据
2025-03-13 14:16:37,345 - root - INFO - 密码管理系统启动
2025-03-13 14:16:40,087 - user - INFO - 用户 admin 登录成功
2025-03-13 14:16:40,087 - login_ui - INFO - 用户 admin 登录成功
2025-03-13 14:16:40,088 - root - INFO - 用户 admin 登录成功，准备打开密码管理界面
2025-03-13 14:16:48,806 - ui.password_manager.ui_table.table_events - INFO - 右键菜单 - 当前行: 3, 当前列: 5, 选中行数: 2, 选中行: [2, 3]
2025-03-13 14:16:48,806 - ui.password_manager.ui_table.table_events - INFO - 选中的密码单元格数量: 2
2025-03-13 14:16:49,672 - ui.password_manager.ui_table.table_password - INFO - 已为第2行生成8位随机密码 (服务器密码)
2025-03-13 14:16:49,672 - ui.password_manager.ui_table.table_password - INFO - 已为第3行生成8位随机密码 (服务器密码)
2025-03-13 14:16:49,673 - ui.password_manager.ui_table.table_password - INFO - 生成密码后一次性进入编辑模式 - 共 2 行
2025-03-13 14:16:49,681 - ui.password_manager.ui_table.table_password - INFO - 已为2个密码单元格生成8位随机密码
2025-03-13 14:17:15,505 - ui.password_manager.ui_table.table_edit - INFO - 开始确认编辑 - 第3行: 互联网
2025-03-13 14:17:15,505 - ui.password_manager.ui_table.table_edit - INFO - 批量编辑模式 - 一次性确认所有修改
2025-03-13 14:17:15,505 - ui.password_manager.ui_table.table_edit - INFO - 批量确认 2 行的编辑 - 开始处理
2025-03-13 14:17:15,506 - ui.password_manager.ui_table.table_edit - INFO - 批量确认项目: 域控制器、互联网
2025-03-13 14:17:15,506 - ui.password_manager.ui_table.table_edit - INFO - 检查是否有需要SSH更新的密码
2025-03-13 14:17:15,506 - ui.password_manager.ui_table.table_password - INFO - 批量SSH更新: 开始检查 2 行数据
2025-03-13 14:17:15,507 - ui.password_manager.ui_table.table_password - INFO - 找到需要SSH更新的密码 - 行: 2, IP: 190.126.81.41, 用户: root30, 项目: 域控制器
2025-03-13 14:17:15,507 - ui.password_manager.ui_table.table_password - INFO - 找到需要SSH更新的密码 - 行: 3, IP: 15.85.163.224, 用户: admin286, 项目: 互联网
2025-03-13 14:17:15,507 - ui.password_manager.ui_table.table_password - INFO - 批量SSH更新: 开始更新 2 个服务器密码
2025-03-13 14:17:15,507 - ui.password_manager.ui_table.table_password - INFO - 批量SSH更新: 开始更新 - 行: 2, IP: 190.126.81.41, 用户: root30, 项目: 域控制器
2025-03-13 14:17:25,519 - ui.password_manager.ui_table.table_password - INFO - SSH密码更新操作已记录到日志文件: logs\ssh_operations.log
2025-03-13 14:17:25,519 - ui.password_manager.ui_table.table_password - WARNING - 批量SSH更新失败 - 行: 2, IP: 190.126.81.41, 用户: root30, 项目: 域控制器, 错误: 连接或命令执行失败: timed out
2025-03-13 14:17:25,520 - ui.password_manager.ui_table.table_password - INFO - 已恢复第2行的原始密码
2025-03-13 14:17:25,520 - ui.password_manager.ui_table.table_password - INFO - 批量SSH更新: 开始更新 - 行: 3, IP: 15.85.163.224, 用户: admin286, 项目: 互联网
2025-03-13 14:17:35,522 - ui.password_manager.ui_table.table_password - INFO - SSH密码更新操作已记录到日志文件: logs\ssh_operations.log
2025-03-13 14:17:35,523 - ui.password_manager.ui_table.table_password - WARNING - 批量SSH更新失败 - 行: 3, IP: 15.85.163.224, 用户: admin286, 项目: 互联网, 错误: 连接或命令执行失败: timed out
2025-03-13 14:17:35,523 - ui.password_manager.ui_table.table_password - INFO - 已恢复第3行的原始密码
2025-03-13 14:17:35,524 - ui.password_manager.ui_table.table_password - INFO - 显示SSH更新结果对话框: 成功 0/2, 失败 2/2
2025-03-13 14:17:41,820 - ui.password_manager.ui_table.table_password - WARNING - 批量SSH更新: 所有 2 个更新都失败，取消本地数据库更新
2025-03-13 14:17:41,822 - ui.password_manager.ui_table.table_edit - WARNING - SSH密码更新失败，取消本地数据库更新
2025-03-13 14:17:41,823 - ui.password_manager.ui_table.table_edit - INFO - 取消编辑 - 第3行: 互联网
2025-03-13 14:17:41,832 - ui.password_manager.ui_table.table_edit - INFO - 取消编辑完成，已恢复原始数据
2025-03-13 14:17:41,832 - ui.password_manager.ui_table.table_edit - WARNING - 批量确认 2 行的编辑 - 由于SSH更新失败而取消
2025-03-13 14:21:20,367 - ui.password_manager.ui_table.table_events - INFO - 右键菜单 - 当前行: 2, 当前列: 3, 选中行数: 1, 选中行: [2]
2025-03-13 14:21:20,368 - ui.password_manager.ui_table.table_events - INFO - 选中的密码单元格数量: 0
2025-03-13 14:21:23,001 - ui.password_manager.ui_table.table_edit - INFO - 取消编辑 - 第2行: 域控制器
2025-03-13 14:21:23,006 - ui.password_manager.ui_table.table_edit - INFO - 取消编辑完成，已恢复原始数据
2025-03-13 14:21:23,518 - ui.password_manager.ui_table.table_events - INFO - 右键菜单 - 当前行: 5, 当前列: 4, 选中行数: 1, 选中行: [5]
2025-03-13 14:21:23,519 - ui.password_manager.ui_table.table_events - INFO - 选中的密码单元格数量: 0
2025-03-13 14:21:55,600 - ui.password_manager.ui_table.table_edit - INFO - 开始确认编辑 - 第5行: Elasticsearch
2025-03-13 14:21:55,600 - ui.password_manager.ui_table.table_edit - INFO - 检查是否有需要SSH更新的密码
2025-03-13 14:21:55,601 - ui.password_manager.ui_table.table_password - INFO - 没有找到需要SSH更新的密码
2025-03-13 14:21:55,601 - password - INFO - 尝试更新服务器密码 - 项目: Elasticsearch, IP: 114.23.140.23, 用户: admin286
2025-03-13 14:22:05,612 - password - INFO - SSH密码更新操作已记录到日志文件: logs\ssh_operations.log
2025-03-13 14:22:05,614 - password - INFO - 更新所有者 徐国明 的密码记录成功
2025-03-13 14:22:05,614 - password - WARNING - 服务器密码更新失败，但本地密码已更新：连接或命令执行失败: timed out
2025-03-13 14:22:05,617 - ui.password_manager.ui_table.table_edit - INFO - 成功确认编辑 - 第5行: Elasticsearch
2025-03-13 14:22:25,060 - ui.password_manager.ui_table.table_events - INFO - 右键菜单 - 当前行: 7, 当前列: 1, 选中行数: 1, 选中行: [7]
2025-03-13 14:22:25,061 - ui.password_manager.ui_table.table_events - INFO - 选中的密码单元格数量: 0
2025-03-13 14:28:13,093 - user - INFO - 用户已登出
2025-03-13 14:28:15,506 - root - INFO - 密码管理系统启动
2025-03-13 14:28:16,903 - user - INFO - 用户 admin 登录成功
2025-03-13 14:28:16,903 - login_ui - INFO - 用户 admin 登录成功
2025-03-13 14:28:16,904 - root - INFO - 用户 admin 登录成功，准备打开密码管理界面
2025-03-13 14:28:19,828 - ui.password_manager.ui_table.table_events - INFO - 右键菜单 - 当前行: 2, 当前列: 5, 选中行数: 1, 选中行: [2]
2025-03-13 14:28:19,829 - ui.password_manager.ui_table.table_events - INFO - 选中的密码单元格数量: 1
2025-03-13 14:28:22,213 - ui.password_manager.ui_table.table_events - INFO - 右键菜单 - 当前行: 3, 当前列: 4, 选中行数: 1, 选中行: [3]
2025-03-13 14:28:22,214 - ui.password_manager.ui_table.table_events - INFO - 选中的密码单元格数量: 0
2025-03-13 14:28:36,585 - ui.password_manager.ui_table.table_edit - INFO - 开始确认编辑 - 第3行: 域控制器
2025-03-13 14:28:36,585 - ui.password_manager.ui_table.table_edit - INFO - 检查是否有需要SSH更新的密码
2025-03-13 14:28:36,586 - ui.password_manager.ui_table.table_password - INFO - 没有找到需要SSH更新的密码
2025-03-13 14:28:36,586 - password - INFO - 尝试更新服务器密码 - 项目: 域控制器, IP: 190.126.81.46, 用户: root30
2025-03-13 14:28:46,597 - password - INFO - SSH密码更新操作已记录到日志文件: logs\ssh_operations.log
2025-03-13 14:28:46,599 - password - INFO - 更新所有者 徐国明 的密码记录成功
2025-03-13 14:28:46,599 - password - WARNING - 服务器密码更新失败，但本地密码已更新：连接或命令执行失败: timed out
2025-03-13 14:28:46,602 - ui.password_manager.ui_table.table_edit - INFO - 成功确认编辑 - 第3行: 域控制器
2025-03-13 14:28:50,101 - user - INFO - 用户已登出
2025-03-13 14:29:20,321 - root - INFO - 密码管理系统启动
2025-03-13 14:29:21,703 - user - INFO - 用户 admin 登录成功
2025-03-13 14:29:21,704 - login_ui - INFO - 用户 admin 登录成功
2025-03-13 14:29:21,705 - root - INFO - 用户 admin 登录成功，准备打开密码管理界面
2025-03-13 14:29:24,303 - ui.password_manager.ui_table.table_events - INFO - 右键菜单 - 当前行: 3, 当前列: 3, 选中行数: 1, 选中行: [3]
2025-03-13 14:29:24,304 - ui.password_manager.ui_table.table_events - INFO - 选中的密码单元格数量: 0
2025-03-13 14:29:27,277 - ui.password_manager.ui_table.table_events - INFO - 右键菜单 - 当前行: 3, 当前列: 3, 选中行数: 1, 选中行: [3]
2025-03-13 14:29:27,278 - ui.password_manager.ui_table.table_events - INFO - 选中的密码单元格数量: 0
2025-03-13 14:29:45,334 - ui.password_manager.ui_table.table_edit - INFO - 开始确认编辑 - 第4行: 域控制器
2025-03-13 14:29:45,335 - ui.password_manager.ui_table.table_edit - INFO - 检查是否有需要SSH更新的密码
2025-03-13 14:29:45,336 - ui.password_manager.ui_table.table_password - INFO - 没有找到需要SSH更新的密码
2025-03-13 14:29:45,336 - password - INFO - 尝试更新服务器密码 - 项目: 域控制器, IP: 190.126.81.51, 用户: root30
2025-03-13 14:29:55,349 - password - INFO - SSH密码更新操作已记录到日志文件: logs\ssh_operations.log
2025-03-13 14:29:55,351 - password - INFO - 更新所有者 徐国明 的密码记录成功
2025-03-13 14:29:55,352 - password - WARNING - 服务器密码更新失败，但本地密码已更新：连接或命令执行失败: timed out
2025-03-13 14:29:55,356 - ui.password_manager.ui_table.table_edit - INFO - 成功确认编辑 - 第4行: 域控制器
2025-03-13 14:30:09,862 - user - INFO - 用户已登出
2025-03-13 14:32:07,073 - root - INFO - 密码管理系统启动
2025-03-13 14:32:08,845 - user - INFO - 用户 admin 登录成功
2025-03-13 14:32:08,845 - login_ui - INFO - 用户 admin 登录成功
2025-03-13 14:32:08,846 - root - INFO - 用户 admin 登录成功，准备打开密码管理界面
2025-03-13 14:32:14,116 - ui.password_manager.ui_table.table_events - INFO - 右键菜单 - 当前行: 3, 当前列: 5, 选中行数: 2, 选中行: [2, 3]
2025-03-13 14:32:14,117 - ui.password_manager.ui_table.table_events - INFO - 选中的密码单元格数量: 2
2025-03-13 14:32:28,023 - ui.password_manager.ui_table.table_events - INFO - 右键菜单 - 当前行: 4, 当前列: 4, 选中行数: 1, 选中行: [4]
2025-03-13 14:32:28,024 - ui.password_manager.ui_table.table_events - INFO - 选中的密码单元格数量: 0
2025-03-13 14:32:41,062 - ui.password_manager.ui_table.table_edit - INFO - 开始确认编辑 - 第4行: 域控制器
2025-03-13 14:32:41,063 - ui.password_manager.ui_table.table_edit - INFO - 检查是否有需要SSH更新的密码
2025-03-13 14:32:41,064 - ui.password_manager.ui_table.table_password - INFO - 没有找到需要SSH更新的密码
2025-03-13 14:32:41,066 - password - INFO - 更新所有者 徐国明 的密码记录成功
2025-03-13 14:32:41,071 - ui.password_manager.ui_table.table_edit - INFO - 成功确认编辑 - 第4行: 域控制器
2025-03-13 14:32:51,306 - user - INFO - 用户已登出
2025-03-13 14:33:07,158 - root - INFO - 密码管理系统启动
2025-03-13 14:33:08,773 - user - INFO - 用户 admin 登录成功
2025-03-13 14:33:08,773 - login_ui - INFO - 用户 admin 登录成功
2025-03-13 14:33:08,774 - root - INFO - 用户 admin 登录成功，准备打开密码管理界面
2025-03-13 14:33:26,641 - user - INFO - 用户已登出
2025-03-13 14:33:44,621 - root - INFO - 密码管理系统启动
2025-03-13 14:33:46,604 - user - INFO - 用户 admin 登录成功
2025-03-13 14:33:46,605 - login_ui - INFO - 用户 admin 登录成功
2025-03-13 14:33:46,606 - root - INFO - 用户 admin 登录成功，准备打开密码管理界面
2025-03-13 14:33:50,231 - ui.password_manager.ui_table.table_events - INFO - 右键菜单 - 当前行: 4, 当前列: 3, 选中行数: 1, 选中行: [4]
2025-03-13 14:33:50,231 - ui.password_manager.ui_table.table_events - INFO - 选中的密码单元格数量: 0
2025-03-13 14:34:09,685 - ui.password_manager.ui_table.table_edit - INFO - 开始确认编辑 - 第5行: Elasticsearch
2025-03-13 14:34:09,686 - ui.password_manager.ui_table.table_edit - INFO - 检查是否有需要SSH更新的密码
2025-03-13 14:34:09,687 - ui.password_manager.ui_table.table_password - INFO - 没有找到需要SSH更新的密码
2025-03-13 14:34:09,689 - password - INFO - 更新所有者 徐国明 的密码记录成功
2025-03-13 14:34:09,696 - ui.password_manager.ui_table.table_edit - INFO - 成功确认编辑 - 第5行: Elasticsearch
2025-03-13 14:34:22,959 - user - INFO - 用户已登出
2025-03-13 14:34:42,996 - root - INFO - 密码管理系统启动
2025-03-13 14:34:44,813 - user - INFO - 用户 admin 登录成功
2025-03-13 14:34:44,814 - login_ui - INFO - 用户 admin 登录成功
2025-03-13 14:34:44,815 - root - INFO - 用户 admin 登录成功，准备打开密码管理界面
2025-03-13 14:34:48,262 - ui.password_manager.ui_table.table_events - INFO - 右键菜单 - 当前行: 5, 当前列: 1, 选中行数: 1, 选中行: [5]
2025-03-13 14:34:48,263 - ui.password_manager.ui_table.table_events - INFO - 选中的密码单元格数量: 0
2025-03-13 14:35:00,536 - ui.password_manager.ui_table.table_edit - INFO - 开始确认编辑 - 第6行: Elasticsearch
2025-03-13 14:35:00,537 - ui.password_manager.ui_table.table_edit - INFO - 检查是否有需要SSH更新的密码
2025-03-13 14:35:00,537 - ui.password_manager.ui_table.table_password - INFO - 没有找到需要SSH更新的密码
2025-03-13 14:35:00,538 - password - INFO - 尝试更新服务器密码 - 项目: Elasticsearch, IP: 114.23.140.16, 用户: root3
2025-03-13 14:35:10,553 - password - INFO - SSH密码更新操作已记录到日志文件: logs\ssh_operations.log
2025-03-13 14:35:10,555 - password - INFO - 更新所有者 徐国明 的密码记录成功
2025-03-13 14:35:10,556 - password - WARNING - 服务器密码更新失败，但本地密码已更新：连接或命令执行失败: timed out
2025-03-13 14:35:10,560 - ui.password_manager.ui_table.table_edit - INFO - 成功确认编辑 - 第6行: Elasticsearch
2025-03-13 14:35:14,012 - user - INFO - 用户已登出
2025-03-13 14:35:36,251 - root - INFO - 密码管理系统启动
2025-03-13 14:35:37,756 - user - INFO - 用户 admin 登录成功
2025-03-13 14:35:37,756 - login_ui - INFO - 用户 admin 登录成功
2025-03-13 14:35:37,757 - root - INFO - 用户 admin 登录成功，准备打开密码管理界面
2025-03-13 14:35:41,502 - ui.password_manager.ui_table.table_events - INFO - 右键菜单 - 当前行: 3, 当前列: 1, 选中行数: 4, 选中行: [3, 4, 5, 6]
2025-03-13 14:35:41,503 - ui.password_manager.ui_table.table_events - INFO - 选中的密码单元格数量: 0
2025-03-13 14:35:43,381 - password - INFO - 删除所有者 徐国明 的密码记录成功
2025-03-13 14:35:43,383 - password - INFO - 删除所有者 徐国明 的密码记录成功
2025-03-13 14:35:43,384 - password - INFO - 删除所有者 徐国明 的密码记录成功
2025-03-13 14:35:43,386 - password - INFO - 删除所有者 徐国明 的密码记录成功
2025-03-13 14:35:44,940 - ui.password_manager.ui_table.table_events - INFO - 右键菜单 - 当前行: 4, 当前列: 1, 选中行数: 1, 选中行: [4]
2025-03-13 14:35:44,941 - ui.password_manager.ui_table.table_events - INFO - 选中的密码单元格数量: 0
2025-03-13 14:36:06,637 - ui.password_manager.ui_table.table_edit - INFO - 开始确认编辑 - 第4行: Tomcat
2025-03-13 14:36:06,638 - ui.password_manager.ui_table.table_edit - INFO - 检查是否有需要SSH更新的密码
2025-03-13 14:36:06,638 - ui.password_manager.ui_table.table_password - INFO - 没有找到需要SSH更新的密码
2025-03-13 14:36:06,639 - password - INFO - 尝试更新服务器密码 - 项目: Tomcat, IP: 15.98.212.79, 用户: admin915
2025-03-13 14:36:16,650 - password - INFO - SSH密码更新操作已记录到日志文件: logs\ssh_operations.log
2025-03-13 14:36:16,652 - password - INFO - 更新所有者 徐国明 的密码记录成功
2025-03-13 14:36:16,652 - password - WARNING - 服务器密码更新失败，但本地密码已更新：连接或命令执行失败: timed out
2025-03-13 14:36:16,657 - ui.password_manager.ui_table.table_edit - INFO - 成功确认编辑 - 第4行: Tomcat
2025-03-13 14:39:23,493 - user - INFO - 用户已登出
2025-03-13 14:39:25,399 - root - INFO - 密码管理系统启动
2025-03-13 14:39:26,610 - user - INFO - 用户 admin 登录成功
2025-03-13 14:39:26,611 - login_ui - INFO - 用户 admin 登录成功
2025-03-13 14:39:26,612 - root - INFO - 用户 admin 登录成功，准备打开密码管理界面
2025-03-13 14:39:30,763 - ui.password_manager.ui_table.table_events - INFO - 右键菜单 - 当前行: 4, 当前列: 4, 选中行数: 1, 选中行: [4]
2025-03-13 14:39:30,764 - ui.password_manager.ui_table.table_events - INFO - 选中的密码单元格数量: 0
2025-03-13 14:39:41,320 - ui.password_manager.ui_table.table_edit - INFO - 开始确认编辑 - 第4行: Tomcat
2025-03-13 14:39:41,320 - ui.password_manager.ui_table.table_edit - INFO - 检查是否有需要SSH更新的密码
2025-03-13 14:39:41,321 - ui.password_manager.ui_table.table_password - INFO - 没有找到需要SSH更新的密码
2025-03-13 14:39:41,323 - password - INFO - 更新所有者 徐国明 的密码记录成功
2025-03-13 14:39:41,327 - ui.password_manager.ui_table.table_edit - INFO - 成功确认编辑 - 第4行: Tomcat
2025-03-13 14:39:51,117 - ui.password_manager.ui_table.table_events - INFO - 右键菜单 - 当前行: 6, 当前列: 4, 选中行数: 1, 选中行: [6]
2025-03-13 14:39:51,118 - ui.password_manager.ui_table.table_events - INFO - 选中的密码单元格数量: 0
2025-03-13 14:39:54,389 - ui.password_manager.ui_table.table_events - INFO - 右键菜单 - 当前行: 6, 当前列: 4, 选中行数: 1, 选中行: [6]
2025-03-13 14:39:54,390 - ui.password_manager.ui_table.table_events - INFO - 选中的密码单元格数量: 0
2025-03-13 14:39:54,940 - ui.password_manager.ui_table.table_events - INFO - 右键菜单 - 当前行: 5, 当前列: 5, 选中行数: 1, 选中行: [5]
2025-03-13 14:39:54,941 - ui.password_manager.ui_table.table_events - INFO - 选中的密码单元格数量: 1
2025-03-13 14:39:56,271 - ui.password_manager.ui_table.table_password - INFO - 已为第5行生成12位随机密码 (服务器密码)
2025-03-13 14:39:56,272 - ui.password_manager.ui_table.table_password - INFO - 生成密码后一次性进入编辑模式 - 共 1 行
2025-03-13 14:39:56,274 - ui.password_manager.ui_table.table_password - INFO - 已为1个密码单元格生成12位随机密码
2025-03-13 14:39:57,384 - ui.password_manager.ui_table.table_edit - INFO - 开始确认编辑 - 第5行: Debian
2025-03-13 14:39:57,384 - ui.password_manager.ui_table.table_edit - INFO - 批量编辑模式 - 一次性确认所有修改
2025-03-13 14:39:57,385 - ui.password_manager.ui_table.table_edit - INFO - 批量确认 1 行的编辑 - 开始处理
2025-03-13 14:39:57,385 - ui.password_manager.ui_table.table_edit - INFO - 批量确认项目: Debian
2025-03-13 14:39:57,385 - ui.password_manager.ui_table.table_edit - INFO - 检查是否有需要SSH更新的密码
2025-03-13 14:39:57,386 - ui.password_manager.ui_table.table_password - INFO - 批量SSH更新: 开始检查 1 行数据
2025-03-13 14:39:57,386 - ui.password_manager.ui_table.table_password - INFO - 找到需要SSH更新的密码 - 行: 5, IP: 127.129.46.18, 用户: admin715, 项目: Debian
2025-03-13 14:39:57,387 - ui.password_manager.ui_table.table_password - INFO - 批量SSH更新: 开始更新 1 个服务器密码
2025-03-13 14:39:57,387 - ui.password_manager.ui_table.table_password - INFO - 批量SSH更新: 开始更新 - 行: 5, IP: 127.129.46.18, 用户: admin715, 项目: Debian
2025-03-13 14:39:59,431 - ui.password_manager.ui_table.table_password - INFO - SSH密码更新操作已记录到日志文件: logs\ssh_operations.log
2025-03-13 14:39:59,432 - ui.password_manager.ui_table.table_password - WARNING - 批量SSH更新失败 - 行: 5, IP: 127.129.46.18, 用户: admin715, 项目: Debian, 错误: 连接或命令执行失败: [Errno None] Unable to connect to port 22 on 127.129.46.18
2025-03-13 14:39:59,432 - ui.password_manager.ui_table.table_password - INFO - 已恢复第5行的原始密码
2025-03-13 14:39:59,433 - ui.password_manager.ui_table.table_password - INFO - 显示SSH更新结果对话框: 成功 0/1, 失败 1/1
2025-03-13 14:40:08,177 - ui.password_manager.ui_table.table_password - WARNING - 批量SSH更新: 所有 1 个更新都失败，取消本地数据库更新
2025-03-13 14:40:08,178 - ui.password_manager.ui_table.table_edit - WARNING - SSH密码更新失败，取消本地数据库更新
2025-03-13 14:40:08,178 - ui.password_manager.ui_table.table_edit - INFO - 取消编辑 - 第5行: Debian
2025-03-13 14:40:08,187 - ui.password_manager.ui_table.table_edit - INFO - 取消编辑完成，已恢复原始数据
2025-03-13 14:40:08,187 - ui.password_manager.ui_table.table_edit - WARNING - 批量确认 1 行的编辑 - 由于SSH更新失败而取消
2025-03-13 14:40:11,646 - ui.password_manager.ui_table.table_events - INFO - 右键菜单 - 当前行: 3, 当前列: 6, 选中行数: 1, 选中行: [3]
2025-03-13 14:40:11,647 - ui.password_manager.ui_table.table_events - INFO - 选中的密码单元格数量: 0
2025-03-13 14:40:13,523 - ui.password_manager.ui_table.table_events - INFO - 右键菜单 - 当前行: 3, 当前列: 5, 选中行数: 1, 选中行: [3]
2025-03-13 14:40:13,524 - ui.password_manager.ui_table.table_events - INFO - 选中的密码单元格数量: 1
2025-03-13 14:40:14,543 - ui.password_manager.ui_table.table_password - INFO - 已为第3行生成12位随机密码 (服务器密码)
2025-03-13 14:40:14,544 - ui.password_manager.ui_table.table_password - INFO - 生成密码后一次性进入编辑模式 - 共 1 行
2025-03-13 14:40:14,545 - ui.password_manager.ui_table.table_password - INFO - 已为1个密码单元格生成12位随机密码
2025-03-13 14:40:15,896 - ui.password_manager.ui_table.table_edit - INFO - 开始确认编辑 - 第3行: 监控系统
2025-03-13 14:40:15,897 - ui.password_manager.ui_table.table_edit - INFO - 批量编辑模式 - 一次性确认所有修改
2025-03-13 14:40:15,897 - ui.password_manager.ui_table.table_edit - INFO - 批量确认 1 行的编辑 - 开始处理
2025-03-13 14:40:15,897 - ui.password_manager.ui_table.table_edit - INFO - 批量确认项目: 监控系统
2025-03-13 14:40:15,898 - ui.password_manager.ui_table.table_edit - INFO - 检查是否有需要SSH更新的密码
2025-03-13 14:40:15,898 - ui.password_manager.ui_table.table_password - INFO - 批量SSH更新: 开始检查 1 行数据
2025-03-13 14:40:15,899 - ui.password_manager.ui_table.table_password - INFO - 找到需要SSH更新的密码 - 行: 3, IP: 200.57.67.76, 用户: operator72, 项目: 监控系统
2025-03-13 14:40:15,899 - ui.password_manager.ui_table.table_password - INFO - 批量SSH更新: 开始更新 1 个服务器密码
2025-03-13 14:40:15,899 - ui.password_manager.ui_table.table_password - INFO - 批量SSH更新: 开始更新 - 行: 3, IP: 200.57.67.76, 用户: operator72, 项目: 监控系统
2025-03-13 14:40:25,905 - ui.password_manager.ui_table.table_password - INFO - SSH密码更新操作已记录到日志文件: logs\ssh_operations.log
2025-03-13 14:40:25,906 - ui.password_manager.ui_table.table_password - WARNING - 批量SSH更新失败 - 行: 3, IP: 200.57.67.76, 用户: operator72, 项目: 监控系统, 错误: 连接或命令执行失败: timed out
2025-03-13 14:40:25,906 - ui.password_manager.ui_table.table_password - INFO - 已恢复第3行的原始密码
2025-03-13 14:40:25,907 - ui.password_manager.ui_table.table_password - INFO - 显示SSH更新结果对话框: 成功 0/1, 失败 1/1
2025-03-13 14:40:28,478 - ui.password_manager.ui_table.table_password - WARNING - 批量SSH更新: 所有 1 个更新都失败，取消本地数据库更新
2025-03-13 14:40:28,480 - ui.password_manager.ui_table.table_edit - WARNING - SSH密码更新失败，取消本地数据库更新
2025-03-13 14:40:28,481 - ui.password_manager.ui_table.table_edit - INFO - 取消编辑 - 第3行: 监控系统
2025-03-13 14:40:28,495 - ui.password_manager.ui_table.table_edit - INFO - 取消编辑完成，已恢复原始数据
2025-03-13 14:40:28,496 - ui.password_manager.ui_table.table_edit - WARNING - 批量确认 1 行的编辑 - 由于SSH更新失败而取消
2025-03-13 14:40:31,075 - ui.password_manager.ui_table.table_events - INFO - 右键菜单 - 当前行: 5, 当前列: 5, 选中行数: 3, 选中行: [3, 4, 5]
2025-03-13 14:40:31,076 - ui.password_manager.ui_table.table_events - INFO - 选中的密码单元格数量: 3
2025-03-13 14:40:31,990 - ui.password_manager.ui_table.table_password - INFO - 已为第3行生成12位随机密码 (服务器密码)
2025-03-13 14:40:31,991 - ui.password_manager.ui_table.table_password - INFO - 已为第4行生成12位随机密码 (服务器密码)
2025-03-13 14:40:31,991 - ui.password_manager.ui_table.table_password - INFO - 已为第5行生成12位随机密码 (服务器密码)
2025-03-13 14:40:31,992 - ui.password_manager.ui_table.table_password - INFO - 生成密码后一次性进入编辑模式 - 共 3 行
2025-03-13 14:40:31,993 - ui.password_manager.ui_table.table_password - INFO - 已为3个密码单元格生成12位随机密码
2025-03-13 14:40:33,433 - ui.password_manager.ui_table.table_edit - INFO - 开始确认编辑 - 第5行: Debian
2025-03-13 14:40:33,433 - ui.password_manager.ui_table.table_edit - INFO - 批量编辑模式 - 一次性确认所有修改
2025-03-13 14:40:33,434 - ui.password_manager.ui_table.table_edit - INFO - 批量确认 3 行的编辑 - 开始处理
2025-03-13 14:40:33,434 - ui.password_manager.ui_table.table_edit - INFO - 批量确认项目: 监控系统、Tomcat、Debian
2025-03-13 14:40:33,435 - ui.password_manager.ui_table.table_edit - INFO - 检查是否有需要SSH更新的密码
2025-03-13 14:40:33,435 - ui.password_manager.ui_table.table_password - INFO - 批量SSH更新: 开始检查 3 行数据
2025-03-13 14:40:33,436 - ui.password_manager.ui_table.table_password - INFO - 找到需要SSH更新的密码 - 行: 3, IP: 200.57.67.76, 用户: operator72, 项目: 监控系统
2025-03-13 14:40:33,436 - ui.password_manager.ui_table.table_password - INFO - 找到需要SSH更新的密码 - 行: 4, IP: 15.98.212.72, 用户: admin915, 项目: Tomcat
2025-03-13 14:40:33,436 - ui.password_manager.ui_table.table_password - INFO - 找到需要SSH更新的密码 - 行: 5, IP: 127.129.46.18, 用户: admin715, 项目: Debian
2025-03-13 14:40:33,437 - ui.password_manager.ui_table.table_password - INFO - 批量SSH更新: 开始更新 3 个服务器密码
2025-03-13 14:40:33,437 - ui.password_manager.ui_table.table_password - INFO - 批量SSH更新: 开始更新 - 行: 3, IP: 200.57.67.76, 用户: operator72, 项目: 监控系统
2025-03-13 14:40:43,440 - ui.password_manager.ui_table.table_password - INFO - SSH密码更新操作已记录到日志文件: logs\ssh_operations.log
2025-03-13 14:40:43,440 - ui.password_manager.ui_table.table_password - WARNING - 批量SSH更新失败 - 行: 3, IP: 200.57.67.76, 用户: operator72, 项目: 监控系统, 错误: 连接或命令执行失败: timed out
2025-03-13 14:40:43,441 - ui.password_manager.ui_table.table_password - INFO - 已恢复第3行的原始密码
2025-03-13 14:40:43,442 - ui.password_manager.ui_table.table_password - INFO - 批量SSH更新: 开始更新 - 行: 4, IP: 15.98.212.72, 用户: admin915, 项目: Tomcat
2025-03-13 14:40:53,452 - ui.password_manager.ui_table.table_password - INFO - SSH密码更新操作已记录到日志文件: logs\ssh_operations.log
2025-03-13 14:40:53,452 - ui.password_manager.ui_table.table_password - WARNING - 批量SSH更新失败 - 行: 4, IP: 15.98.212.72, 用户: admin915, 项目: Tomcat, 错误: 连接或命令执行失败: timed out
2025-03-13 14:40:53,453 - ui.password_manager.ui_table.table_password - INFO - 已恢复第4行的原始密码
2025-03-13 14:40:53,453 - ui.password_manager.ui_table.table_password - INFO - 批量SSH更新: 开始更新 - 行: 5, IP: 127.129.46.18, 用户: admin715, 项目: Debian
2025-03-13 14:40:55,508 - ui.password_manager.ui_table.table_password - INFO - SSH密码更新操作已记录到日志文件: logs\ssh_operations.log
2025-03-13 14:40:55,509 - ui.password_manager.ui_table.table_password - WARNING - 批量SSH更新失败 - 行: 5, IP: 127.129.46.18, 用户: admin715, 项目: Debian, 错误: 连接或命令执行失败: [Errno None] Unable to connect to port 22 on 127.129.46.18
2025-03-13 14:40:55,509 - ui.password_manager.ui_table.table_password - INFO - 已恢复第5行的原始密码
2025-03-13 14:40:55,510 - ui.password_manager.ui_table.table_password - INFO - 显示SSH更新结果对话框: 成功 0/3, 失败 3/3
2025-03-13 14:41:03,301 - ui.password_manager.ui_table.table_password - WARNING - 批量SSH更新: 所有 3 个更新都失败，取消本地数据库更新
2025-03-13 14:41:03,302 - ui.password_manager.ui_table.table_edit - WARNING - SSH密码更新失败，取消本地数据库更新
2025-03-13 14:41:03,303 - ui.password_manager.ui_table.table_edit - INFO - 取消编辑 - 第5行: Debian
2025-03-13 14:41:03,315 - ui.password_manager.ui_table.table_edit - INFO - 取消编辑完成，已恢复原始数据
2025-03-13 14:41:03,315 - ui.password_manager.ui_table.table_edit - WARNING - 批量确认 3 行的编辑 - 由于SSH更新失败而取消
2025-03-13 14:41:08,694 - user - INFO - 用户已登出
2025-03-13 14:41:51,450 - root - INFO - 密码管理系统启动
2025-03-13 14:41:52,876 - user - INFO - 用户 admin 登录成功
2025-03-13 14:41:52,876 - login_ui - INFO - 用户 admin 登录成功
2025-03-13 14:41:52,878 - root - INFO - 用户 admin 登录成功，准备打开密码管理界面
2025-03-13 14:41:54,284 - ui.password_manager.ui_table.table_events - INFO - 右键菜单 - 当前行: 5, 当前列: 4, 选中行数: 1, 选中行: [5]
2025-03-13 14:41:54,285 - ui.password_manager.ui_table.table_events - INFO - 选中的密码单元格数量: 0
2025-03-13 14:41:55,203 - ui.password_manager.ui_table.table_events - INFO - 右键菜单 - 当前行: 4, 当前列: 3, 选中行数: 1, 选中行: [4]
2025-03-13 14:41:55,203 - ui.password_manager.ui_table.table_events - INFO - 选中的密码单元格数量: 0
2025-03-13 14:41:57,155 - password - INFO - 删除所有者 徐国明 的密码记录成功
2025-03-13 14:41:58,956 - ui.password_manager.ui_table.table_events - INFO - 右键菜单 - 当前行: 5, 当前列: 1, 选中行数: 1, 选中行: [5]
2025-03-13 14:41:58,956 - ui.password_manager.ui_table.table_events - INFO - 选中的密码单元格数量: 0
2025-03-13 14:42:10,484 - ui.password_manager.ui_table.table_edit - INFO - 开始确认编辑 - 第6行: Docker
2025-03-13 14:42:10,484 - ui.password_manager.ui_table.table_edit - INFO - 检查是否有需要SSH更新的密码
2025-03-13 14:42:10,485 - ui.password_manager.ui_table.table_password - INFO - 没有找到需要SSH更新的密码
2025-03-13 14:42:10,485 - password - INFO - 尝试更新服务器密码 - 项目: Docker, IP: 124.251.69.13, 用户: admin703
2025-03-13 14:42:20,494 - password - INFO - SSH密码更新操作已记录到日志文件: logs\ssh_operations.log
2025-03-13 14:42:20,496 - password - INFO - 更新所有者 徐国明 的密码记录成功
2025-03-13 14:42:20,496 - password - WARNING - 服务器密码更新失败，但本地密码已更新：连接或命令执行失败: timed out
2025-03-13 14:42:20,500 - ui.password_manager.ui_table.table_edit - INFO - 成功确认编辑 - 第6行: Docker
2025-03-13 14:51:14,372 - root - INFO - 密码管理系统启动
2025-03-13 14:51:16,133 - user - INFO - 用户 admin 登录成功
2025-03-13 14:51:16,133 - login_ui - INFO - 用户 admin 登录成功
2025-03-13 14:51:16,134 - root - INFO - 用户 admin 登录成功，准备打开密码管理界面
2025-03-13 14:51:17,668 - user - INFO - 用户已登出
2025-03-13 14:51:21,755 - ui.password_manager.ui_table.table_events - INFO - 右键菜单 - 当前行: 2, 当前列: 5, 选中行数: 1, 选中行: [2]
2025-03-13 14:51:21,756 - ui.password_manager.ui_table.table_events - INFO - 选中的密码单元格数量: 1
2025-03-13 14:51:24,646 - ui.password_manager.ui_table.table_password - INFO - 已为第2行生成12位随机密码 (服务器密码)
2025-03-13 14:51:24,647 - ui.password_manager.ui_table.table_password - INFO - 生成密码后一次性进入编辑模式 - 共 1 行
2025-03-13 14:51:24,654 - ui.password_manager.ui_table.table_password - INFO - 已为1个密码单元格生成12位随机密码
2025-03-13 14:51:26,133 - ui.password_manager.ui_table.table_edit - INFO - 开始确认编辑 - 第2行: 域控制器
2025-03-13 14:51:26,134 - ui.password_manager.ui_table.table_edit - INFO - 批量编辑模式 - 一次性确认所有修改
2025-03-13 14:51:26,134 - ui.password_manager.ui_table.table_edit - INFO - 批量确认 1 行的编辑 - 开始处理
2025-03-13 14:51:26,135 - ui.password_manager.ui_table.table_edit - INFO - 批量确认项目: 域控制器
2025-03-13 14:51:26,135 - ui.password_manager.ui_table.table_edit - INFO - 检查是否有需要SSH更新的密码
2025-03-13 14:51:26,135 - ui.password_manager.ui_table.table_password - INFO - 批量SSH更新: 开始检查 1 行数据
2025-03-13 14:51:26,136 - ui.password_manager.ui_table.table_password - INFO - 找到需要SSH更新的密码 - 行: 2, IP: 190.126.81.41, 用户: root30, 项目: 域控制器
2025-03-13 14:51:26,136 - ui.password_manager.ui_table.table_password - INFO - 批量SSH更新: 开始更新 1 个服务器密码
2025-03-13 14:51:26,137 - ui.password_manager.ui_table.table_password - INFO - 批量SSH更新: 开始更新 - 行: 2, IP: 190.126.81.41, 用户: root30, 项目: 域控制器
2025-03-13 14:51:36,155 - ui.password_manager.ui_table.table_password - INFO - SSH密码更新操作已记录到日志文件: logs\ssh_operations.log
2025-03-13 14:51:36,156 - ui.password_manager.ui_table.table_password - WARNING - 批量SSH更新失败 - 行: 2, IP: 190.126.81.41, 用户: root30, 项目: 域控制器, 错误: 连接或命令执行失败: timed out
2025-03-13 14:51:36,157 - ui.password_manager.ui_table.table_password - INFO - 已恢复第2行的原始密码
2025-03-13 14:51:36,157 - ui.password_manager.ui_table.table_password - INFO - 显示SSH更新结果对话框: 成功 0/1, 失败 1/1
2025-03-13 14:51:37,811 - ui.password_manager.ui_table.table_password - WARNING - 批量SSH更新: 所有 1 个更新都失败，取消本地数据库更新
2025-03-13 14:51:37,814 - ui.password_manager.ui_table.table_edit - WARNING - SSH密码更新失败，取消本地数据库更新
2025-03-13 14:51:37,816 - ui.password_manager.ui_table.table_edit - INFO - 取消编辑 - 第2行: 域控制器
2025-03-13 14:51:37,830 - ui.password_manager.ui_table.table_edit - INFO - 取消编辑完成，已恢复原始数据
2025-03-13 14:51:37,831 - ui.password_manager.ui_table.table_edit - WARNING - 批量确认 1 行的编辑 - 由于SSH更新失败而取消
2025-03-13 14:51:41,010 - ui.password_manager.ui_table.table_events - INFO - 右键菜单 - 当前行: 3, 当前列: 5, 选中行数: 1, 选中行: [3]
2025-03-13 14:51:41,011 - ui.password_manager.ui_table.table_events - INFO - 选中的密码单元格数量: 1
2025-03-13 14:51:43,067 - ui.password_manager.ui_table.table_events - INFO - 右键菜单 - 当前行: 3, 当前列: 5, 选中行数: 2, 选中行: [2, 3]
2025-03-13 14:51:43,068 - ui.password_manager.ui_table.table_events - INFO - 选中的密码单元格数量: 2
2025-03-13 14:51:44,981 - ui.password_manager.ui_table.table_password - INFO - 已为第2行生成32位随机密码 (服务器密码)
2025-03-13 14:51:44,981 - ui.password_manager.ui_table.table_password - INFO - 已为第3行生成32位随机密码 (服务器密码)
2025-03-13 14:51:44,982 - ui.password_manager.ui_table.table_password - INFO - 生成密码后一次性进入编辑模式 - 共 2 行
2025-03-13 14:51:44,983 - ui.password_manager.ui_table.table_password - INFO - 已为2个密码单元格生成32位随机密码
2025-03-13 14:51:46,203 - ui.password_manager.ui_table.table_edit - INFO - 开始确认编辑 - 第3行: 监控系统
2025-03-13 14:51:46,203 - ui.password_manager.ui_table.table_edit - INFO - 批量编辑模式 - 一次性确认所有修改
2025-03-13 14:51:46,204 - ui.password_manager.ui_table.table_edit - INFO - 批量确认 2 行的编辑 - 开始处理
2025-03-13 14:51:46,204 - ui.password_manager.ui_table.table_edit - INFO - 批量确认项目: 域控制器、监控系统
2025-03-13 14:51:46,205 - ui.password_manager.ui_table.table_edit - INFO - 检查是否有需要SSH更新的密码
2025-03-13 14:51:46,205 - ui.password_manager.ui_table.table_password - INFO - 批量SSH更新: 开始检查 2 行数据
2025-03-13 14:51:46,205 - ui.password_manager.ui_table.table_password - INFO - 找到需要SSH更新的密码 - 行: 2, IP: 190.126.81.41, 用户: root30, 项目: 域控制器
2025-03-13 14:51:46,206 - ui.password_manager.ui_table.table_password - INFO - 找到需要SSH更新的密码 - 行: 3, IP: 200.57.67.76, 用户: operator72, 项目: 监控系统
2025-03-13 14:51:46,206 - ui.password_manager.ui_table.table_password - INFO - 批量SSH更新: 开始更新 2 个服务器密码
2025-03-13 14:51:46,207 - ui.password_manager.ui_table.table_password - INFO - 批量SSH更新: 开始更新 - 行: 2, IP: 190.126.81.41, 用户: root30, 项目: 域控制器
2025-03-13 14:51:56,215 - ui.password_manager.ui_table.table_password - INFO - SSH密码更新操作已记录到日志文件: logs\ssh_operations.log
2025-03-13 14:51:56,215 - ui.password_manager.ui_table.table_password - WARNING - 批量SSH更新失败 - 行: 2, IP: 190.126.81.41, 用户: root30, 项目: 域控制器, 错误: 连接或命令执行失败: timed out
2025-03-13 14:51:56,216 - ui.password_manager.ui_table.table_password - INFO - 已恢复第2行的原始密码
2025-03-13 14:51:56,217 - ui.password_manager.ui_table.table_password - INFO - 批量SSH更新: 开始更新 - 行: 3, IP: 200.57.67.76, 用户: operator72, 项目: 监控系统
2025-03-13 14:52:06,229 - ui.password_manager.ui_table.table_password - INFO - SSH密码更新操作已记录到日志文件: logs\ssh_operations.log
2025-03-13 14:52:06,229 - ui.password_manager.ui_table.table_password - WARNING - 批量SSH更新失败 - 行: 3, IP: 200.57.67.76, 用户: operator72, 项目: 监控系统, 错误: 连接或命令执行失败: timed out
2025-03-13 14:52:06,230 - ui.password_manager.ui_table.table_password - INFO - 已恢复第3行的原始密码
2025-03-13 14:52:06,231 - ui.password_manager.ui_table.table_password - INFO - 显示SSH更新结果对话框: 成功 0/2, 失败 2/2
2025-03-13 14:52:09,153 - ui.password_manager.ui_table.table_password - WARNING - 批量SSH更新: 所有 2 个更新都失败，取消本地数据库更新
2025-03-13 14:52:09,155 - ui.password_manager.ui_table.table_edit - WARNING - SSH密码更新失败，取消本地数据库更新
2025-03-13 14:52:09,156 - ui.password_manager.ui_table.table_edit - INFO - 取消编辑 - 第3行: 监控系统
2025-03-13 14:52:09,170 - ui.password_manager.ui_table.table_edit - INFO - 取消编辑完成，已恢复原始数据
2025-03-13 14:52:09,171 - ui.password_manager.ui_table.table_edit - WARNING - 批量确认 2 行的编辑 - 由于SSH更新失败而取消
2025-03-13 14:52:15,460 - ui.password_manager.ui_table.table_events - INFO - 右键菜单 - 当前行: 6, 当前列: 3, 选中行数: 1, 选中行: [6]
2025-03-13 14:52:15,461 - ui.password_manager.ui_table.table_events - INFO - 选中的密码单元格数量: 0
2025-03-13 14:52:30,245 - ui.password_manager.ui_table.table_edit - INFO - 开始确认编辑 - 第7行: Docker
2025-03-13 14:52:30,246 - ui.password_manager.ui_table.table_edit - INFO - 检查是否有需要SSH更新的密码
2025-03-13 14:52:30,246 - ui.password_manager.ui_table.table_password - INFO - 没有找到需要SSH更新的密码
2025-03-13 14:52:30,247 - password - INFO - 更新密码记录 - 所有者: 徐国明, 索引: 6, 项目: Docker, 跳过服务器同步: 否
2025-03-13 14:52:30,249 - password - INFO - 更新所有者 徐国明 的密码记录成功
2025-03-13 14:52:30,253 - ui.password_manager.ui_table.table_edit - INFO - 成功确认编辑 - 第7行: Docker
2025-03-13 14:52:33,562 - user - INFO - 用户已登出
2025-03-13 14:53:00,246 - root - INFO - 密码管理系统启动
2025-03-13 14:53:01,646 - user - INFO - 用户 admin 登录成功
2025-03-13 14:53:01,647 - login_ui - INFO - 用户 admin 登录成功
2025-03-13 14:53:01,648 - root - INFO - 用户 admin 登录成功，准备打开密码管理界面
2025-03-13 14:53:04,675 - ui.password_manager.ui_table.table_events - INFO - 右键菜单 - 当前行: 6, 当前列: 2, 选中行数: 1, 选中行: [6]
2025-03-13 14:53:04,675 - ui.password_manager.ui_table.table_events - INFO - 选中的密码单元格数量: 0
2025-03-13 14:53:08,397 - ui.password_manager.ui_table.table_edit - INFO - 取消编辑 - 第6行: Docker
2025-03-13 14:53:08,401 - ui.password_manager.ui_table.table_edit - INFO - 取消编辑完成，已恢复原始数据
2025-03-13 14:53:09,459 - ui.password_manager.ui_table.table_events - INFO - 右键菜单 - 当前行: 6, 当前列: 1, 选中行数: 1, 选中行: [6]
2025-03-13 14:53:09,460 - ui.password_manager.ui_table.table_events - INFO - 选中的密码单元格数量: 0
2025-03-13 14:53:21,191 - ui.password_manager.ui_table.table_edit - INFO - 开始确认编辑 - 第7行: Docker
2025-03-13 14:53:21,192 - ui.password_manager.ui_table.table_edit - INFO - 检查是否有需要SSH更新的密码
2025-03-13 14:53:21,192 - ui.password_manager.ui_table.table_password - INFO - 没有找到需要SSH更新的密码
2025-03-13 14:53:21,193 - password - INFO - 更新密码记录 - 所有者: 徐国明, 索引: 6, 项目: Docker, 跳过服务器同步: 否
2025-03-13 14:53:21,195 - password - INFO - 更新所有者 徐国明 的密码记录成功
2025-03-13 14:53:21,199 - ui.password_manager.ui_table.table_edit - INFO - 成功确认编辑 - 第7行: Docker
2025-03-13 14:53:24,074 - user - INFO - 用户已登出
2025-03-13 14:54:33,334 - root - INFO - 密码管理系统启动
2025-03-13 14:54:34,603 - user - INFO - 用户 admin 登录成功
2025-03-13 14:54:34,604 - login_ui - INFO - 用户 admin 登录成功
2025-03-13 14:54:34,605 - root - INFO - 用户 admin 登录成功，准备打开密码管理界面
2025-03-13 14:54:36,578 - ui.password_manager.ui_table.table_events - INFO - 右键菜单 - 当前行: 6, 当前列: 3, 选中行数: 1, 选中行: [6]
2025-03-13 14:54:36,578 - ui.password_manager.ui_table.table_events - INFO - 选中的密码单元格数量: 0
2025-03-13 14:54:45,402 - ui.password_manager.ui_table.table_edit - INFO - 开始确认编辑 - 第6行: Docker
2025-03-13 14:54:45,403 - ui.password_manager.ui_table.table_edit - INFO - 检查是否有需要SSH更新的密码
2025-03-13 14:54:45,403 - ui.password_manager.ui_table.table_password - INFO - 没有找到需要SSH更新的密码
2025-03-13 14:54:45,403 - password - INFO - 更新密码记录 - 所有者: 徐国明, 索引: 5, 项目: Docker, 跳过服务器同步: 否
2025-03-13 14:54:45,404 - password - INFO - 需要SSH更新密码 - 项目: Docker, IP: 15.98.212.78, 用户: admin915
2025-03-13 14:54:45,404 - password - INFO - 尝试更新服务器密码 - 项目: Docker, IP: 15.98.212.78, 用户: admin915
2025-03-13 14:54:55,420 - password - INFO - SSH密码更新操作已记录到日志文件: logs\ssh_operations.log
2025-03-13 14:54:55,422 - password - INFO - 更新所有者 徐国明 的密码记录成功
2025-03-13 14:54:55,423 - password - WARNING - 服务器密码更新失败，但本地密码已更新：连接或命令执行失败: timed out
2025-03-13 14:54:55,426 - ui.password_manager.ui_table.table_edit - INFO - 成功确认编辑 - 第6行: Docker
2025-03-13 14:55:21,323 - user - INFO - 用户已登出
2025-03-13 14:55:39,962 - root - INFO - 密码管理系统启动
2025-03-13 14:55:41,708 - user - INFO - 用户 admin 登录成功
2025-03-13 14:55:41,708 - login_ui - INFO - 用户 admin 登录成功
2025-03-13 14:55:41,709 - root - INFO - 用户 admin 登录成功，准备打开密码管理界面
2025-03-13 14:55:43,266 - ui.password_manager.ui_table.table_events - INFO - 右键菜单 - 当前行: 6, 当前列: 1, 选中行数: 1, 选中行: [6]
2025-03-13 14:55:43,267 - ui.password_manager.ui_table.table_events - INFO - 选中的密码单元格数量: 0
2025-03-13 14:55:53,866 - ui.password_manager.ui_table.table_edit - INFO - 开始确认编辑 - 第6行: Docker
2025-03-13 14:55:53,867 - ui.password_manager.ui_table.table_edit - INFO - 检查是否有需要SSH更新的密码
2025-03-13 14:55:53,867 - ui.password_manager.ui_table.table_password - INFO - 没有找到需要SSH更新的密码
2025-03-13 14:55:53,867 - password - INFO - 更新密码记录 - 所有者: 徐国明, 索引: 5, 项目: Docker, 跳过服务器同步: 否
2025-03-13 14:55:53,869 - password - INFO - 更新所有者 徐国明 的密码记录成功
2025-03-13 14:55:53,872 - ui.password_manager.ui_table.table_edit - INFO - 成功确认编辑 - 第6行: Docker
2025-03-13 14:56:17,881 - ui.password_manager.ui_table.table_events - INFO - 右键菜单 - 当前行: 15, 当前列: 1, 选中行数: 1, 选中行: [15]
2025-03-13 14:56:17,882 - ui.password_manager.ui_table.table_events - INFO - 选中的密码单元格数量: 0
2025-03-13 14:56:28,772 - ui.password_manager.ui_table.table_edit - INFO - 开始确认编辑 - 第16行: ERP系统
2025-03-13 14:56:28,773 - ui.password_manager.ui_table.table_edit - INFO - 检查是否有需要SSH更新的密码
2025-03-13 14:56:28,773 - ui.password_manager.ui_table.table_password - INFO - 没有找到需要SSH更新的密码
2025-03-13 14:56:28,773 - password - INFO - 更新密码记录 - 所有者: 徐国明, 索引: 15, 项目: ERP系统, 跳过服务器同步: 否
2025-03-13 14:56:28,773 - password - INFO - 需要SSH更新密码 - 项目: ERP系统, IP: 174.42.102.23, 用户: root36
2025-03-13 14:56:28,773 - password - INFO - 尝试更新服务器密码 - 项目: ERP系统, IP: 174.42.102.23, 用户: root36
2025-03-13 14:56:38,782 - password - INFO - SSH密码更新操作已记录到日志文件: logs\ssh_operations.log
2025-03-13 14:56:38,784 - password - INFO - 更新所有者 徐国明 的密码记录成功
2025-03-13 14:56:38,784 - password - WARNING - 服务器密码更新失败，但本地密码已更新：连接或命令执行失败: timed out
2025-03-13 14:56:38,788 - ui.password_manager.ui_table.table_edit - INFO - 成功确认编辑 - 第16行: ERP系统
2025-03-13 14:57:30,244 - ui.password_manager.ui_table.table_events - INFO - 右键菜单 - 当前行: 2, 当前列: 5, 选中行数: 1, 选中行: [2]
2025-03-13 14:57:30,244 - ui.password_manager.ui_table.table_events - INFO - 选中的密码单元格数量: 1
2025-03-13 14:59:10,962 - ui.password_manager.ui_table.table_events - INFO - 右键菜单 - 当前行: 16, 当前列: 2, 选中行数: 3, 选中行: [6, 7, 16]
2025-03-13 14:59:10,962 - ui.password_manager.ui_table.table_events - INFO - 选中的密码单元格数量: 0
2025-03-13 14:59:12,621 - password - INFO - 删除所有者 徐国明 的密码记录成功
2025-03-13 14:59:12,623 - password - INFO - 删除所有者 徐国明 的密码记录成功
2025-03-13 14:59:12,626 - password - INFO - 删除所有者 徐国明 的密码记录成功
2025-03-13 15:01:17,162 - root - INFO - 密码管理系统启动
2025-03-13 15:01:19,046 - user - INFO - 用户已登出
2025-03-13 15:01:20,230 - user - INFO - 用户 admin 登录成功
2025-03-13 15:01:20,231 - login_ui - INFO - 用户 admin 登录成功
2025-03-13 15:01:20,232 - root - INFO - 用户 admin 登录成功，准备打开密码管理界面
2025-03-13 15:01:22,757 - ui.password_manager.ui_table.table_events - INFO - 右键菜单 - 当前行: 6, 当前列: 1, 选中行数: 1, 选中行: [6]
2025-03-13 15:01:22,757 - ui.password_manager.ui_table.table_events - INFO - 选中的密码单元格数量: 0
2025-03-13 15:01:38,291 - ui.password_manager.ui_table.table_edit - INFO - 开始确认编辑 - 第6行: Docker
2025-03-13 15:01:38,292 - ui.password_manager.ui_table.table_edit - INFO - 检查是否有需要SSH更新的密码
2025-03-13 15:01:38,292 - ui.password_manager.ui_table.table_password - INFO - 跳过第30行的SSH更新检查 (新添加的行)
2025-03-13 15:01:38,293 - ui.password_manager.ui_table.table_password - INFO - 没有找到需要SSH更新的密码
2025-03-13 15:01:38,293 - password - INFO - 更新密码记录 - 所有者: 徐国明, 索引: 5, 项目: Docker, 跳过服务器同步: 否
2025-03-13 15:01:38,293 - password - INFO - 需要SSH更新密码 - 项目: Docker, IP: 15.98.212.79, 用户: admin915
2025-03-13 15:01:38,294 - password - INFO - 尝试更新服务器密码 - 项目: Docker, IP: 15.98.212.79, 用户: admin915
2025-03-13 15:01:48,301 - password - INFO - SSH密码更新操作已记录到日志文件: logs\ssh_operations.log
2025-03-13 15:01:48,303 - password - INFO - 更新所有者 徐国明 的密码记录成功
2025-03-13 15:01:48,303 - password - WARNING - 服务器密码更新失败，但本地密码已更新：连接或命令执行失败: timed out
2025-03-13 15:01:48,307 - ui.password_manager.ui_table.table_edit - INFO - 成功确认编辑 - 第6行: Docker
2025-03-13 15:01:53,260 - user - INFO - 用户已登出
2025-03-13 15:04:03,486 - root - INFO - 密码管理系统启动
2025-03-13 15:04:05,125 - user - INFO - 用户 admin 登录成功
2025-03-13 15:04:05,126 - login_ui - INFO - 用户 admin 登录成功
2025-03-13 15:04:05,127 - root - INFO - 用户 admin 登录成功，准备打开密码管理界面
2025-03-13 15:04:07,449 - ui.password_manager.ui_table.table_events - INFO - 右键菜单 - 当前行: 6, 当前列: 2, 选中行数: 1, 选中行: [6]
2025-03-13 15:04:07,450 - ui.password_manager.ui_table.table_events - INFO - 选中的密码单元格数量: 0
2025-03-13 15:04:09,067 - password - INFO - 删除所有者 徐国明 的密码记录成功
2025-03-13 15:04:10,035 - ui.password_manager.ui_table.table_events - INFO - 右键菜单 - 当前行: 5, 当前列: 1, 选中行数: 1, 选中行: [5]
2025-03-13 15:04:10,036 - ui.password_manager.ui_table.table_events - INFO - 选中的密码单元格数量: 0
2025-03-13 15:04:20,885 - ui.password_manager.ui_table.table_edit - INFO - 开始确认编辑 - 第5行: Debian
2025-03-13 15:04:20,887 - ui.password_manager.ui_table.table_edit - INFO - 检查是否有需要SSH更新的密码
2025-03-13 15:04:20,887 - ui.password_manager.ui_table.table_password - INFO - 跳过第29行的SSH更新检查 (新添加的行)
2025-03-13 15:04:20,888 - ui.password_manager.ui_table.table_password - INFO - 没有找到需要SSH更新的密码
2025-03-13 15:04:20,888 - password - INFO - 更新密码记录 - 所有者: 徐国明, 索引: 4, 项目: Debian, 跳过服务器同步: 否
2025-03-13 15:04:20,889 - password - INFO - 需要SSH更新密码 - 项目: Debian, IP: 127.129.46.13, 用户: admin715
2025-03-13 15:04:20,889 - password - INFO - 尝试更新服务器密码 - 项目: Debian, IP: 127.129.46.13, 用户: admin715
2025-03-13 15:04:22,940 - password - INFO - SSH密码更新操作已记录到日志文件: logs\ssh_operations.log
2025-03-13 15:04:22,942 - password - INFO - 更新所有者 徐国明 的密码记录成功
2025-03-13 15:04:22,942 - password - WARNING - 服务器密码更新失败，但本地密码已更新：连接或命令执行失败: [Errno None] Unable to connect to port 22 on 127.129.46.13
2025-03-13 15:04:22,946 - ui.password_manager.ui_table.table_edit - INFO - 成功确认编辑 - 第5行: Debian
2025-03-13 15:05:02,519 - user - INFO - 用户已登出
2025-03-13 15:05:49,659 - root - INFO - 密码管理系统启动
2025-03-13 15:05:51,073 - user - INFO - 用户 admin 登录成功
2025-03-13 15:05:51,074 - login_ui - INFO - 用户 admin 登录成功
2025-03-13 15:05:51,075 - root - INFO - 用户 admin 登录成功，准备打开密码管理界面
2025-03-13 15:05:54,131 - ui.password_manager.ui_table.table_events - INFO - 右键菜单 - 当前行: 5, 当前列: 1, 选中行数: 1, 选中行: [5]
2025-03-13 15:05:54,132 - ui.password_manager.ui_table.table_events - INFO - 选中的密码单元格数量: 0
2025-03-13 15:05:55,790 - password - INFO - 删除所有者 徐国明 的密码记录成功
2025-03-13 15:05:56,593 - ui.password_manager.ui_table.table_events - INFO - 右键菜单 - 当前行: 4, 当前列: 1, 选中行数: 1, 选中行: [4]
2025-03-13 15:05:56,594 - ui.password_manager.ui_table.table_events - INFO - 选中的密码单元格数量: 0
2025-03-13 15:06:08,898 - ui.password_manager.ui_table.table_edit - INFO - 开始确认编辑 - 第4行: 监控系统
2025-03-13 15:06:08,899 - ui.password_manager.ui_table.table_edit - INFO - 检查是否有需要SSH更新的密码
2025-03-13 15:06:08,899 - ui.password_manager.ui_table.table_password - INFO - 跳过第28行的SSH更新检查 (新添加的行)
2025-03-13 15:06:08,900 - ui.password_manager.ui_table.table_password - INFO - 没有找到需要SSH更新的密码
2025-03-13 15:06:08,900 - password - INFO - 更新密码记录 - 所有者: 徐国明, 索引: 3, 项目: 监控系统, 跳过服务器同步: 否
2025-03-13 15:06:08,901 - password - INFO - 需要SSH更新密码 - 项目: 监控系统, IP: 200.57.67.70, 用户: operator72
2025-03-13 15:06:08,901 - password - INFO - 尝试更新服务器密码 - 项目: 监控系统, IP: 200.57.67.70, 用户: operator72
2025-03-13 15:06:18,913 - password - INFO - SSH密码更新操作已记录到日志文件: logs\ssh_operations.log
2025-03-13 15:06:18,916 - password - INFO - 更新所有者 徐国明 的密码记录成功
2025-03-13 15:06:18,916 - password - WARNING - 服务器密码更新失败，但本地密码已更新：连接或命令执行失败: timed out
2025-03-13 15:06:18,920 - ui.password_manager.ui_table.table_edit - INFO - 成功确认编辑 - 第4行: 监控系统
2025-03-13 15:06:25,621 - user - INFO - 用户已登出
2025-03-13 15:07:26,337 - root - INFO - 密码管理系统启动
2025-03-13 15:07:28,846 - user - INFO - 用户 admin 登录成功
2025-03-13 15:07:28,846 - login_ui - INFO - 用户 admin 登录成功
2025-03-13 15:07:28,848 - root - INFO - 用户 admin 登录成功，准备打开密码管理界面
2025-03-13 15:07:31,465 - ui.password_manager.ui_table.table_events - INFO - 右键菜单 - 当前行: 4, 当前列: 1, 选中行数: 1, 选中行: [4]
2025-03-13 15:07:31,466 - ui.password_manager.ui_table.table_events - INFO - 选中的密码单元格数量: 0
2025-03-13 15:07:33,309 - password - INFO - 删除所有者 徐国明 的密码记录成功
2025-03-13 15:07:34,905 - ui.password_manager.ui_table.table_events - INFO - 右键菜单 - 当前行: 4, 当前列: 1, 选中行数: 1, 选中行: [4]
2025-03-13 15:07:34,906 - ui.password_manager.ui_table.table_events - INFO - 选中的密码单元格数量: 0
2025-03-13 15:07:47,305 - ui.password_manager.ui_table.table_edit - INFO - 开始确认编辑 - 第4行: 监控系统
2025-03-13 15:07:47,306 - ui.password_manager.ui_table.table_edit - INFO - 检查是否有需要SSH更新的密码
2025-03-13 15:07:47,307 - ui.password_manager.ui_table.table_password - INFO - 跳过第27行的SSH更新检查 (新添加的行)
2025-03-13 15:07:47,308 - ui.password_manager.ui_table.table_password - INFO - 没有找到需要SSH更新的密码
2025-03-13 15:07:47,308 - password - INFO - 调试信息 - update_password被调用，skip_server_sync参数值为: False
2025-03-13 15:07:47,309 - password - INFO - 更新密码记录 - 所有者: 徐国明, 索引: 3, 项目: 监控系统, 跳过服务器同步: 否
2025-03-13 15:07:47,309 - password - INFO - 需要SSH更新密码 - 项目: 监控系统, IP: 200.57.67.75, 用户: operator72
2025-03-13 15:07:47,309 - password - INFO - 尝试更新服务器密码 - 项目: 监控系统, IP: 200.57.67.75, 用户: operator72
2025-03-13 15:07:57,328 - password - INFO - SSH密码更新操作已记录到日志文件: logs\ssh_operations.log
2025-03-13 15:07:57,330 - password - INFO - 更新所有者 徐国明 的密码记录成功
2025-03-13 15:07:57,330 - password - WARNING - 服务器密码更新失败，但本地密码已更新：连接或命令执行失败: timed out
2025-03-13 15:07:57,334 - ui.password_manager.ui_table.table_edit - INFO - 成功确认编辑 - 第4行: 监控系统
2025-03-13 15:08:00,072 - user - INFO - 用户已登出
2025-03-13 15:09:48,925 - root - INFO - 密码管理系统启动
2025-03-13 15:09:50,578 - user - INFO - 用户 admin 登录成功
2025-03-13 15:09:50,578 - login_ui - INFO - 用户 admin 登录成功
2025-03-13 15:09:50,579 - root - INFO - 用户 admin 登录成功，准备打开密码管理界面
2025-03-13 15:09:54,480 - ui.password_manager.ui_table.table_events - INFO - 右键菜单 - 当前行: 4, 当前列: 1, 选中行数: 1, 选中行: [4]
2025-03-13 15:09:54,481 - ui.password_manager.ui_table.table_events - INFO - 选中的密码单元格数量: 0
2025-03-13 15:10:04,810 - ui.password_manager.ui_table.table_edit - INFO - 开始确认编辑 - 第4行: 监控系统
2025-03-13 15:10:04,811 - ui.password_manager.ui_table.table_edit - INFO - 检查是否有需要SSH更新的密码
2025-03-13 15:10:04,812 - ui.password_manager.ui_table.table_password - INFO - 跳过第27行的SSH更新检查 (新添加的行)
2025-03-13 15:10:04,812 - ui.password_manager.ui_table.table_password - INFO - 没有找到需要SSH更新的密码
2025-03-13 15:10:04,813 - password - INFO - 调试信息 - update_password被调用，skip_server_sync参数值为: False
2025-03-13 15:10:04,813 - password - INFO - 更新密码记录 - 所有者: 徐国明, 索引: 3, 项目: 监控系统, 跳过服务器同步: 否
2025-03-13 15:10:04,815 - password - INFO - 更新所有者 徐国明 的密码记录成功
2025-03-13 15:10:04,819 - ui.password_manager.ui_table.table_edit - INFO - 成功确认编辑 - 第4行: 监控系统
2025-03-13 15:10:10,632 - ui.password_manager.ui_table.table_events - INFO - 右键菜单 - 当前行: 4, 当前列: 1, 选中行数: 1, 选中行: [4]
2025-03-13 15:10:10,633 - ui.password_manager.ui_table.table_events - INFO - 选中的密码单元格数量: 0
2025-03-13 15:10:12,355 - password - INFO - 删除所有者 徐国明 的密码记录成功
2025-03-13 15:10:13,588 - ui.password_manager.ui_table.table_events - INFO - 右键菜单 - 当前行: 19, 当前列: 1, 选中行数: 1, 选中行: [19]
2025-03-13 15:10:13,589 - ui.password_manager.ui_table.table_events - INFO - 选中的密码单元格数量: 0
2025-03-13 15:10:23,466 - ui.password_manager.ui_table.table_edit - INFO - 开始确认编辑 - 第19行: 门禁系统
2025-03-13 15:10:23,467 - ui.password_manager.ui_table.table_edit - INFO - 检查是否有需要SSH更新的密码
2025-03-13 15:10:23,468 - ui.password_manager.ui_table.table_password - INFO - 跳过第26行的SSH更新检查 (新添加的行)
2025-03-13 15:10:23,469 - ui.password_manager.ui_table.table_password - INFO - 没有找到需要SSH更新的密码
2025-03-13 15:10:23,469 - password - INFO - 调试信息 - update_password被调用，skip_server_sync参数值为: False
2025-03-13 15:10:23,469 - password - INFO - 更新密码记录 - 所有者: 徐国明, 索引: 18, 项目: 门禁系统, 跳过服务器同步: 否
2025-03-13 15:10:23,470 - password - INFO - 需要SSH更新密码 - 项目: 门禁系统, IP: 240.97.30.241, 用户: qspsdv
2025-03-13 15:10:23,470 - password - INFO - 尝试更新服务器密码 - 项目: 门禁系统, IP: 240.97.30.241, 用户: qspsdv
2025-03-13 15:10:23,476 - password - INFO - SSH密码更新操作已记录到日志文件: logs\ssh_operations.log
2025-03-13 15:10:23,478 - password - INFO - 更新所有者 徐国明 的密码记录成功
2025-03-13 15:10:23,479 - password - WARNING - 服务器密码更新失败，但本地密码已更新：连接或命令执行失败: [WinError 10051] 向一个无法连接的网络尝试了一个套接字操作。
2025-03-13 15:10:23,482 - ui.password_manager.ui_table.table_edit - INFO - 成功确认编辑 - 第19行: 门禁系统
2025-03-13 15:10:28,483 - ui.password_manager.ui_table.table_events - INFO - 右键菜单 - 当前行: 19, 当前列: 5, 选中行数: 1, 选中行: [19]
2025-03-13 15:10:28,484 - ui.password_manager.ui_table.table_events - INFO - 选中的密码单元格数量: 1
2025-03-13 15:10:29,196 - ui.password_manager.ui_table.table_password - INFO - 已为第19行生成8位随机密码 (服务器密码)
2025-03-13 15:10:29,197 - ui.password_manager.ui_table.table_password - INFO - 生成密码后一次性进入编辑模式 - 共 1 行
2025-03-13 15:10:29,199 - ui.password_manager.ui_table.table_password - INFO - 已为1个密码单元格生成8位随机密码
2025-03-13 15:10:30,804 - ui.password_manager.ui_table.table_edit - INFO - 开始确认编辑 - 第19行: 门禁系统
2025-03-13 15:10:30,804 - ui.password_manager.ui_table.table_edit - INFO - 批量编辑模式 - 一次性确认所有修改
2025-03-13 15:10:30,805 - ui.password_manager.ui_table.table_edit - INFO - 批量确认 1 行的编辑 - 开始处理
2025-03-13 15:10:30,805 - ui.password_manager.ui_table.table_edit - INFO - 批量确认项目: 门禁系统
2025-03-13 15:10:30,805 - ui.password_manager.ui_table.table_edit - INFO - 批量编辑中: 新行数量=0, 现有行数量=1
2025-03-13 15:10:30,806 - ui.password_manager.ui_table.table_edit - INFO - 检查是否有需要SSH更新的密码
2025-03-13 15:10:30,806 - ui.password_manager.ui_table.table_password - INFO - 批量SSH更新: 开始检查 1 行数据
2025-03-13 15:10:30,807 - ui.password_manager.ui_table.table_password - INFO - 找到需要SSH更新的密码 - 行: 19, IP: 240.97.30.241, 用户: qspsdv, 项目: 门禁系统
2025-03-13 15:10:30,807 - ui.password_manager.ui_table.table_password - INFO - 批量SSH更新: 开始更新 1 个服务器密码
2025-03-13 15:10:30,807 - ui.password_manager.ui_table.table_password - INFO - 批量SSH更新: 开始更新 - 行: 19, IP: 240.97.30.241, 用户: qspsdv, 项目: 门禁系统
2025-03-13 15:10:30,810 - ui.password_manager.ui_table.table_password - INFO - SSH密码更新操作已记录到日志文件: logs\ssh_operations.log
2025-03-13 15:10:30,811 - ui.password_manager.ui_table.table_password - WARNING - 批量SSH更新失败 - 行: 19, IP: 240.97.30.241, 用户: qspsdv, 项目: 门禁系统, 错误: 连接或命令执行失败: [WinError 10051] 向一个无法连接的网络尝试了一个套接字操作。
2025-03-13 15:10:30,811 - ui.password_manager.ui_table.table_password - INFO - 已恢复第19行的原始密码
2025-03-13 15:10:30,811 - ui.password_manager.ui_table.table_password - INFO - 显示SSH更新结果对话框: 成功 0/1, 失败 1/1
2025-03-13 15:10:41,258 - ui.password_manager.ui_table.table_password - WARNING - 批量SSH更新: 所有 1 个更新都失败，取消本地数据库更新
2025-03-13 15:10:41,260 - ui.password_manager.ui_table.table_edit - WARNING - SSH密码更新失败，取消本地数据库更新
2025-03-13 15:10:41,261 - ui.password_manager.ui_table.table_edit - INFO - 取消编辑 - 第19行: 门禁系统
2025-03-13 15:10:41,275 - ui.password_manager.ui_table.table_edit - INFO - 取消编辑完成，已恢复原始数据
2025-03-13 15:10:41,276 - ui.password_manager.ui_table.table_edit - WARNING - 批量确认 1 行的编辑 - 由于SSH更新失败而取消
2025-03-13 15:10:44,571 - ui.password_manager.ui_table.table_events - INFO - 右键菜单 - 当前行: 16, 当前列: 5, 选中行数: 1, 选中行: [16]
2025-03-13 15:10:44,572 - ui.password_manager.ui_table.table_events - INFO - 选中的密码单元格数量: 1
2025-03-13 15:10:45,395 - ui.password_manager.ui_table.table_password - INFO - 已为第16行生成12位随机密码 (服务器密码)
2025-03-13 15:10:45,396 - ui.password_manager.ui_table.table_password - INFO - 生成密码后一次性进入编辑模式 - 共 1 行
2025-03-13 15:10:45,398 - ui.password_manager.ui_table.table_password - INFO - 已为1个密码单元格生成12位随机密码
2025-03-13 15:10:46,481 - ui.password_manager.ui_table.table_edit - INFO - 开始确认编辑 - 第16行: SQL
2025-03-13 15:10:46,481 - ui.password_manager.ui_table.table_edit - INFO - 批量编辑模式 - 一次性确认所有修改
2025-03-13 15:10:46,482 - ui.password_manager.ui_table.table_edit - INFO - 批量确认 1 行的编辑 - 开始处理
2025-03-13 15:10:46,483 - ui.password_manager.ui_table.table_edit - INFO - 批量确认项目: SQL
2025-03-13 15:10:46,483 - ui.password_manager.ui_table.table_edit - INFO - 批量编辑中: 新行数量=0, 现有行数量=1
2025-03-13 15:10:46,483 - ui.password_manager.ui_table.table_edit - INFO - 检查是否有需要SSH更新的密码
2025-03-13 15:10:46,484 - ui.password_manager.ui_table.table_password - INFO - 批量SSH更新: 开始检查 1 行数据
2025-03-13 15:10:46,484 - ui.password_manager.ui_table.table_password - INFO - 找到需要SSH更新的密码 - 行: 16, IP: 210.172.183.194, 用户: wvqtjg, 项目: SQL
2025-03-13 15:10:46,485 - ui.password_manager.ui_table.table_password - INFO - 批量SSH更新: 开始更新 1 个服务器密码
2025-03-13 15:10:46,485 - ui.password_manager.ui_table.table_password - INFO - 批量SSH更新: 开始更新 - 行: 16, IP: 210.172.183.194, 用户: wvqtjg, 项目: SQL
2025-03-13 15:10:56,490 - ui.password_manager.ui_table.table_password - INFO - SSH密码更新操作已记录到日志文件: logs\ssh_operations.log
2025-03-13 15:10:56,490 - ui.password_manager.ui_table.table_password - WARNING - 批量SSH更新失败 - 行: 16, IP: 210.172.183.194, 用户: wvqtjg, 项目: SQL, 错误: 连接或命令执行失败: timed out
2025-03-13 15:10:56,491 - ui.password_manager.ui_table.table_password - INFO - 已恢复第16行的原始密码
2025-03-13 15:10:56,491 - ui.password_manager.ui_table.table_password - INFO - 显示SSH更新结果对话框: 成功 0/1, 失败 1/1
2025-03-13 15:10:58,303 - ui.password_manager.ui_table.table_password - WARNING - 批量SSH更新: 所有 1 个更新都失败，取消本地数据库更新
2025-03-13 15:10:58,308 - ui.password_manager.ui_table.table_edit - WARNING - SSH密码更新失败，取消本地数据库更新
2025-03-13 15:10:58,308 - ui.password_manager.ui_table.table_edit - INFO - 取消编辑 - 第16行: SQL
2025-03-13 15:10:58,330 - ui.password_manager.ui_table.table_edit - INFO - 取消编辑完成，已恢复原始数据
2025-03-13 15:10:58,330 - ui.password_manager.ui_table.table_edit - WARNING - 批量确认 1 行的编辑 - 由于SSH更新失败而取消
2025-03-13 15:11:03,665 - ui.password_manager.ui_table.table_events - INFO - 右键菜单 - 当前行: 21, 当前列: 1, 选中行数: 1, 选中行: [21]
2025-03-13 15:11:03,666 - ui.password_manager.ui_table.table_events - INFO - 选中的密码单元格数量: 0
2025-03-13 15:11:13,154 - ui.password_manager.ui_table.table_edit - INFO - 开始确认编辑 - 第22行: Docker
2025-03-13 15:11:13,155 - ui.password_manager.ui_table.table_edit - INFO - 检查是否有需要SSH更新的密码
2025-03-13 15:11:13,156 - ui.password_manager.ui_table.table_password - INFO - 跳过第26行的SSH更新检查 (新添加的行)
2025-03-13 15:11:13,157 - ui.password_manager.ui_table.table_password - INFO - 没有找到需要SSH更新的密码
2025-03-13 15:11:13,157 - password - INFO - 调试信息 - update_password被调用，skip_server_sync参数值为: False
2025-03-13 15:11:13,158 - password - INFO - 更新密码记录 - 所有者: 徐国明, 索引: 21, 项目: Docker, 跳过服务器同步: 否
2025-03-13 15:11:13,159 - password - INFO - 需要SSH更新密码 - 项目: Docker, IP: 56.53.251.51, 用户: admin380
2025-03-13 15:11:13,159 - password - INFO - 尝试更新服务器密码 - 项目: Docker, IP: 56.53.251.51, 用户: admin380
2025-03-13 15:11:23,177 - password - INFO - SSH密码更新操作已记录到日志文件: logs\ssh_operations.log
2025-03-13 15:11:23,180 - password - INFO - 更新所有者 徐国明 的密码记录成功
2025-03-13 15:11:23,180 - password - WARNING - 服务器密码更新失败，但本地密码已更新：连接或命令执行失败: timed out
2025-03-13 15:11:23,185 - ui.password_manager.ui_table.table_edit - INFO - 成功确认编辑 - 第22行: Docker
2025-03-13 15:11:31,920 - ui.password_manager.ui_table.table_events - INFO - 右键菜单 - 当前行: 11, 当前列: 1, 选中行数: 1, 选中行: [11]
2025-03-13 15:11:31,921 - ui.password_manager.ui_table.table_events - INFO - 选中的密码单元格数量: 0
2025-03-13 15:11:37,211 - user - INFO - 用户已登出
2025-03-13 15:16:30,990 - root - INFO - 密码管理系统启动
2025-03-13 15:16:32,682 - user - INFO - 用户 admin 登录成功
2025-03-13 15:16:32,683 - login_ui - INFO - 用户 admin 登录成功
2025-03-13 15:16:32,684 - root - INFO - 用户 admin 登录成功，准备打开密码管理界面
2025-03-13 15:16:34,801 - ui.password_manager.ui_table.table_events - INFO - 右键菜单 - 当前行: 11, 当前列: 1, 选中行数: 1, 选中行: [11]
2025-03-13 15:16:34,802 - ui.password_manager.ui_table.table_events - INFO - 选中的密码单元格数量: 0
2025-03-13 15:16:35,911 - ui.password_manager.ui_table.table_events - INFO - 右键菜单 - 当前行: 19, 当前列: 1, 选中行数: 1, 选中行: [19]
2025-03-13 15:16:35,912 - ui.password_manager.ui_table.table_events - INFO - 选中的密码单元格数量: 0
2025-03-13 15:16:37,707 - password - INFO - 删除所有者 徐国明 的密码记录成功
2025-03-13 15:16:38,976 - ui.password_manager.ui_table.table_events - INFO - 右键菜单 - 当前行: 21, 当前列: 1, 选中行数: 1, 选中行: [21]
2025-03-13 15:16:38,977 - ui.password_manager.ui_table.table_events - INFO - 选中的密码单元格数量: 0
2025-03-13 15:16:40,753 - password - INFO - 删除所有者 徐国明 的密码记录成功
2025-03-13 15:16:41,570 - ui.password_manager.ui_table.table_events - INFO - 右键菜单 - 当前行: 16, 当前列: 1, 选中行数: 1, 选中行: [16]
2025-03-13 15:16:41,570 - ui.password_manager.ui_table.table_events - INFO - 选中的密码单元格数量: 0
2025-03-13 15:16:52,392 - ui.password_manager.ui_table.table_edit - INFO - 开始确认编辑 - 第16行: Docker
2025-03-13 15:16:52,393 - ui.password_manager.ui_table.table_edit - INFO - 根据位置判断第16行是否为新行: False
2025-03-13 15:16:52,394 - ui.password_manager.ui_table.table_edit - INFO - 检查是否有需要SSH更新的密码
2025-03-13 15:16:52,394 - ui.password_manager.ui_table.table_password - INFO - 根据位置判断第1行是否为新行: False
2025-03-13 15:16:52,395 - ui.password_manager.ui_table.table_password - INFO - 根据位置判断第2行是否为新行: False
2025-03-13 15:16:52,396 - ui.password_manager.ui_table.table_password - INFO - 根据位置判断第3行是否为新行: False
2025-03-13 15:16:52,396 - ui.password_manager.ui_table.table_password - INFO - 根据位置判断第4行是否为新行: False
2025-03-13 15:16:52,397 - ui.password_manager.ui_table.table_password - INFO - 根据位置判断第5行是否为新行: False
2025-03-13 15:16:52,397 - ui.password_manager.ui_table.table_password - INFO - 根据位置判断第6行是否为新行: False
2025-03-13 15:16:52,397 - ui.password_manager.ui_table.table_password - INFO - 根据位置判断第7行是否为新行: False
2025-03-13 15:16:52,398 - ui.password_manager.ui_table.table_password - INFO - 根据位置判断第8行是否为新行: False
2025-03-13 15:16:52,399 - ui.password_manager.ui_table.table_password - INFO - 根据位置判断第9行是否为新行: False
2025-03-13 15:16:52,399 - ui.password_manager.ui_table.table_password - INFO - 根据位置判断第10行是否为新行: False
2025-03-13 15:16:52,400 - ui.password_manager.ui_table.table_password - INFO - 根据位置判断第11行是否为新行: False
2025-03-13 15:16:52,400 - ui.password_manager.ui_table.table_password - INFO - 根据位置判断第12行是否为新行: False
2025-03-13 15:16:52,401 - ui.password_manager.ui_table.table_password - INFO - 根据位置判断第13行是否为新行: False
2025-03-13 15:16:52,401 - ui.password_manager.ui_table.table_password - INFO - 根据位置判断第14行是否为新行: False
2025-03-13 15:16:52,402 - ui.password_manager.ui_table.table_password - INFO - 根据位置判断第15行是否为新行: False
2025-03-13 15:16:52,402 - ui.password_manager.ui_table.table_password - INFO - 根据位置判断第16行是否为新行: False
2025-03-13 15:16:52,402 - ui.password_manager.ui_table.table_password - INFO - 根据位置判断第17行是否为新行: False
2025-03-13 15:16:52,403 - ui.password_manager.ui_table.table_password - INFO - 根据位置判断第18行是否为新行: False
2025-03-13 15:16:52,403 - ui.password_manager.ui_table.table_password - INFO - 根据位置判断第19行是否为新行: False
2025-03-13 15:16:52,404 - ui.password_manager.ui_table.table_password - INFO - 根据位置判断第20行是否为新行: False
2025-03-13 15:16:52,404 - ui.password_manager.ui_table.table_password - INFO - 根据位置判断第21行是否为新行: False
2025-03-13 15:16:52,404 - ui.password_manager.ui_table.table_password - INFO - 根据位置判断第22行是否为新行: False
2025-03-13 15:16:52,405 - ui.password_manager.ui_table.table_password - INFO - 根据位置判断第23行是否为新行: False
2025-03-13 15:16:52,405 - ui.password_manager.ui_table.table_password - INFO - 根据位置判断第24行是否为新行: True
2025-03-13 15:16:52,406 - ui.password_manager.ui_table.table_password - INFO - 跳过第24行的SSH更新检查 (新添加的行)
2025-03-13 15:16:52,406 - ui.password_manager.ui_table.table_password - INFO - 根据位置判断第25行是否为新行: False
2025-03-13 15:16:52,407 - ui.password_manager.ui_table.table_password - INFO - 没有找到需要SSH更新的密码
2025-03-13 15:16:52,407 - password - INFO - 调试信息 - update_password被调用，skip_server_sync参数值为: False，类型: <class 'bool'>
2025-03-13 15:16:52,407 - password - INFO - 更新密码记录 - 所有者: 徐国明, 索引: 15, 项目: Docker, 跳过服务器同步: 否
2025-03-13 15:16:52,408 - password - INFO - 需要SSH更新密码 - 项目: Docker, IP: 5.165.49.92, 用户: operator20
2025-03-13 15:16:52,408 - password - INFO - 尝试更新服务器密码 - 项目: Docker, IP: 5.165.49.92, 用户: operator20
2025-03-13 15:17:02,421 - password - INFO - SSH密码更新操作已记录到日志文件: logs\ssh_operations.log
2025-03-13 15:17:02,423 - password - INFO - 更新所有者 徐国明 的密码记录成功
2025-03-13 15:17:02,424 - password - WARNING - 服务器密码更新失败，但本地密码已更新：连接或命令执行失败: timed out
2025-03-13 15:17:02,428 - ui.password_manager.ui_table.table_edit - INFO - 成功确认编辑 - 第16行: Docker
2025-03-13 15:17:06,304 - user - INFO - 用户已登出
2025-03-13 15:17:25,273 - root - INFO - 密码管理系统启动
2025-03-13 15:17:27,345 - user - INFO - 用户 admin 登录成功
2025-03-13 15:17:27,345 - login_ui - INFO - 用户 admin 登录成功
2025-03-13 15:17:27,347 - root - INFO - 用户 admin 登录成功，准备打开密码管理界面
2025-03-13 15:17:32,025 - ui.password_manager.ui_table.table_events - INFO - 右键菜单 - 当前行: 10, 当前列: 1, 选中行数: 1, 选中行: [10]
2025-03-13 15:17:32,026 - ui.password_manager.ui_table.table_events - INFO - 选中的密码单元格数量: 0
2025-03-13 15:17:44,882 - ui.password_manager.ui_table.table_edit - INFO - 取消编辑 - 第11行: 
2025-03-13 15:17:44,885 - ui.password_manager.ui_table.table_edit - INFO - 取消编辑完成，已恢复原始数据
2025-03-13 15:18:41,310 - ui.password_manager.ui_table.table_events - INFO - 右键菜单 - 当前行: 16, 当前列: 1, 选中行数: 1, 选中行: [16]
2025-03-13 15:18:41,311 - ui.password_manager.ui_table.table_events - INFO - 选中的密码单元格数量: 0
2025-03-13 15:18:43,047 - ui.password_manager.ui_table.table_events - INFO - 右键菜单 - 当前行: 13, 当前列: 1, 选中行数: 1, 选中行: [13]
2025-03-13 15:18:43,048 - ui.password_manager.ui_table.table_events - INFO - 选中的密码单元格数量: 0
2025-03-13 15:18:55,330 - ui.password_manager.ui_table.table_edit - INFO - 开始确认编辑 - 第13行: SQL Server
2025-03-13 15:18:55,330 - ui.password_manager.ui_table.table_edit - INFO - 根据位置判断第13行是否为新行: False
2025-03-13 15:18:55,331 - ui.password_manager.ui_table.table_edit - INFO - 检查是否有需要SSH更新的密码
2025-03-13 15:18:55,331 - ui.password_manager.ui_table.table_password - INFO - 根据位置判断第1行是否为新行: False
2025-03-13 15:18:55,332 - ui.password_manager.ui_table.table_password - INFO - 根据位置判断第2行是否为新行: False
2025-03-13 15:18:55,332 - ui.password_manager.ui_table.table_password - INFO - 根据位置判断第3行是否为新行: False
2025-03-13 15:18:55,332 - ui.password_manager.ui_table.table_password - INFO - 根据位置判断第4行是否为新行: False
2025-03-13 15:18:55,333 - ui.password_manager.ui_table.table_password - INFO - 根据位置判断第5行是否为新行: False
2025-03-13 15:18:55,333 - ui.password_manager.ui_table.table_password - INFO - 根据位置判断第6行是否为新行: False
2025-03-13 15:18:55,334 - ui.password_manager.ui_table.table_password - INFO - 根据位置判断第7行是否为新行: False
2025-03-13 15:18:55,334 - ui.password_manager.ui_table.table_password - INFO - 根据位置判断第8行是否为新行: False
2025-03-13 15:18:55,334 - ui.password_manager.ui_table.table_password - INFO - 根据位置判断第9行是否为新行: False
2025-03-13 15:18:55,335 - ui.password_manager.ui_table.table_password - INFO - 根据位置判断第10行是否为新行: False
2025-03-13 15:18:55,335 - ui.password_manager.ui_table.table_password - INFO - 根据位置判断第11行是否为新行: False
2025-03-13 15:18:55,335 - ui.password_manager.ui_table.table_password - INFO - 根据位置判断第12行是否为新行: False
2025-03-13 15:18:55,336 - ui.password_manager.ui_table.table_password - INFO - 根据位置判断第13行是否为新行: False
2025-03-13 15:18:55,336 - ui.password_manager.ui_table.table_password - INFO - 根据位置判断第14行是否为新行: False
2025-03-13 15:18:55,337 - ui.password_manager.ui_table.table_password - INFO - 根据位置判断第15行是否为新行: False
2025-03-13 15:18:55,337 - ui.password_manager.ui_table.table_password - INFO - 根据位置判断第16行是否为新行: False
2025-03-13 15:18:55,337 - ui.password_manager.ui_table.table_password - INFO - 根据位置判断第17行是否为新行: False
2025-03-13 15:18:55,338 - ui.password_manager.ui_table.table_password - INFO - 根据位置判断第18行是否为新行: False
2025-03-13 15:18:55,338 - ui.password_manager.ui_table.table_password - INFO - 根据位置判断第19行是否为新行: False
2025-03-13 15:18:55,339 - ui.password_manager.ui_table.table_password - INFO - 根据位置判断第20行是否为新行: False
2025-03-13 15:18:55,339 - ui.password_manager.ui_table.table_password - INFO - 根据位置判断第21行是否为新行: False
2025-03-13 15:18:55,339 - ui.password_manager.ui_table.table_password - INFO - 根据位置判断第22行是否为新行: False
2025-03-13 15:18:55,340 - ui.password_manager.ui_table.table_password - INFO - 根据位置判断第23行是否为新行: False
2025-03-13 15:18:55,340 - ui.password_manager.ui_table.table_password - INFO - 根据位置判断第24行是否为新行: True
2025-03-13 15:18:55,340 - ui.password_manager.ui_table.table_password - INFO - 跳过第24行的SSH更新检查 (新添加的行)
2025-03-13 15:18:55,341 - ui.password_manager.ui_table.table_password - INFO - 根据位置判断第25行是否为新行: False
2025-03-13 15:18:55,341 - ui.password_manager.ui_table.table_password - INFO - 没有找到需要SSH更新的密码
2025-03-13 15:18:55,341 - password - INFO - 调试信息 - update_password被调用，skip_server_sync参数值为: False，类型: <class 'bool'>
2025-03-13 15:18:55,342 - password - INFO - 更新密码记录 - 所有者: 徐国明, 索引: 12, 项目: SQL Server, 跳过服务器同步: 否
2025-03-13 15:18:55,342 - password - INFO - 需要SSH更新密码 - 项目: SQL Server, IP: 197.194.24.23, 用户: pilzbb
2025-03-13 15:18:55,343 - password - INFO - 尝试更新服务器密码 - 项目: SQL Server, IP: 197.194.24.23, 用户: pilzbb
2025-03-13 15:19:05,359 - password - INFO - SSH密码更新操作已记录到日志文件: logs\ssh_operations.log
2025-03-13 15:19:05,362 - password - INFO - 更新所有者 徐国明 的密码记录成功
2025-03-13 15:19:05,363 - password - WARNING - 服务器密码更新失败，但本地密码已更新：连接或命令执行失败: timed out
2025-03-13 15:19:05,367 - ui.password_manager.ui_table.table_edit - INFO - 成功确认编辑 - 第13行: SQL Server
2025-03-13 15:20:04,404 - user - INFO - 用户已登出
2025-03-13 15:21:55,745 - root - INFO - 密码管理系统启动
2025-03-13 15:21:57,088 - user - INFO - 用户 admin 登录成功
2025-03-13 15:21:57,088 - login_ui - INFO - 用户 admin 登录成功
2025-03-13 15:21:57,089 - root - INFO - 用户 admin 登录成功，准备打开密码管理界面
2025-03-13 15:22:01,462 - ui.password_manager.ui_table.table_events - INFO - 右键菜单 - 当前行: 16, 当前列: 1, 选中行数: 2, 选中行: [13, 16]
2025-03-13 15:22:01,463 - ui.password_manager.ui_table.table_events - INFO - 选中的密码单元格数量: 0
2025-03-13 15:22:03,031 - password - INFO - 删除所有者 徐国明 的密码记录成功
2025-03-13 15:22:03,033 - password - INFO - 删除所有者 徐国明 的密码记录成功
2025-03-13 15:22:08,135 - ui.password_manager.ui_table.table_events - INFO - 右键菜单 - 当前行: 4, 当前列: 1, 选中行数: 1, 选中行: [4]
2025-03-13 15:22:08,135 - ui.password_manager.ui_table.table_events - INFO - 选中的密码单元格数量: 0
2025-03-13 15:22:20,576 - ui.password_manager.ui_table.table_edit - INFO - 开始确认编辑 - 第4行: HR系统
2025-03-13 15:22:20,576 - ui.password_manager.ui_table.table_edit - INFO - 根据位置判断第4行是否为新行: False
2025-03-13 15:22:20,577 - ui.password_manager.ui_table.table_edit - INFO - 检查是否有需要SSH更新的密码
2025-03-13 15:22:20,577 - ui.password_manager.ui_table.table_password - INFO - 根据位置判断第1行是否为新行: False
2025-03-13 15:22:20,577 - ui.password_manager.ui_table.table_password - INFO - 根据位置判断第2行是否为新行: False
2025-03-13 15:22:20,578 - ui.password_manager.ui_table.table_password - INFO - 根据位置判断第3行是否为新行: False
2025-03-13 15:22:20,578 - ui.password_manager.ui_table.table_password - INFO - 根据位置判断第4行是否为新行: False
2025-03-13 15:22:20,578 - ui.password_manager.ui_table.table_password - INFO - 根据位置判断第5行是否为新行: False
2025-03-13 15:22:20,578 - ui.password_manager.ui_table.table_password - INFO - 根据位置判断第6行是否为新行: False
2025-03-13 15:22:20,579 - ui.password_manager.ui_table.table_password - INFO - 根据位置判断第7行是否为新行: False
2025-03-13 15:22:20,579 - ui.password_manager.ui_table.table_password - INFO - 根据位置判断第8行是否为新行: False
2025-03-13 15:22:20,579 - ui.password_manager.ui_table.table_password - INFO - 根据位置判断第9行是否为新行: False
2025-03-13 15:22:20,579 - ui.password_manager.ui_table.table_password - INFO - 根据位置判断第10行是否为新行: False
2025-03-13 15:22:20,580 - ui.password_manager.ui_table.table_password - INFO - 根据位置判断第11行是否为新行: False
2025-03-13 15:22:20,580 - ui.password_manager.ui_table.table_password - INFO - 根据位置判断第12行是否为新行: False
2025-03-13 15:22:20,580 - ui.password_manager.ui_table.table_password - INFO - 根据位置判断第13行是否为新行: False
2025-03-13 15:22:20,581 - ui.password_manager.ui_table.table_password - INFO - 根据位置判断第14行是否为新行: False
2025-03-13 15:22:20,581 - ui.password_manager.ui_table.table_password - INFO - 根据位置判断第15行是否为新行: False
2025-03-13 15:22:20,581 - ui.password_manager.ui_table.table_password - INFO - 根据位置判断第16行是否为新行: False
2025-03-13 15:22:20,582 - ui.password_manager.ui_table.table_password - INFO - 根据位置判断第17行是否为新行: False
2025-03-13 15:22:20,582 - ui.password_manager.ui_table.table_password - INFO - 根据位置判断第18行是否为新行: False
2025-03-13 15:22:20,582 - ui.password_manager.ui_table.table_password - INFO - 根据位置判断第19行是否为新行: False
2025-03-13 15:22:20,583 - ui.password_manager.ui_table.table_password - INFO - 根据位置判断第20行是否为新行: False
2025-03-13 15:22:20,583 - ui.password_manager.ui_table.table_password - INFO - 根据位置判断第21行是否为新行: False
2025-03-13 15:22:20,583 - ui.password_manager.ui_table.table_password - INFO - 根据位置判断第22行是否为新行: False
2025-03-13 15:22:20,583 - ui.password_manager.ui_table.table_password - INFO - 根据位置判断第23行是否为新行: False
2025-03-13 15:22:20,584 - ui.password_manager.ui_table.table_password - INFO - 根据位置判断第24行是否为新行: False
2025-03-13 15:22:20,584 - ui.password_manager.ui_table.table_password - INFO - 根据位置判断第25行是否为新行: False
2025-03-13 15:22:20,584 - ui.password_manager.ui_table.table_password - INFO - 根据位置判断第26行是否为新行: False
2025-03-13 15:22:20,584 - ui.password_manager.ui_table.table_password - INFO - 根据位置判断第27行是否为新行: False
2025-03-13 15:22:20,585 - ui.password_manager.ui_table.table_password - INFO - 根据位置判断第28行是否为新行: False
2025-03-13 15:22:20,585 - ui.password_manager.ui_table.table_password - INFO - 根据位置判断第29行是否为新行: False
2025-03-13 15:22:20,585 - ui.password_manager.ui_table.table_password - INFO - 根据位置判断第30行是否为新行: False
2025-03-13 15:22:20,586 - ui.password_manager.ui_table.table_password - INFO - 根据位置判断第31行是否为新行: True
2025-03-13 15:22:20,586 - ui.password_manager.ui_table.table_password - INFO - 跳过第31行的SSH更新检查 (新添加的行)
2025-03-13 15:22:20,586 - ui.password_manager.ui_table.table_password - INFO - 根据位置判断第32行是否为新行: False
2025-03-13 15:22:20,586 - ui.password_manager.ui_table.table_password - INFO - 没有找到需要SSH更新的密码
2025-03-13 15:22:20,587 - password - INFO - 调试信息 - update_password被调用，skip_server_sync参数值为: False，类型: <class 'bool'>
2025-03-13 15:22:20,587 - password - INFO - 更新密码记录 - 所有者: 高文彬, 索引: 3, 项目: HR系统, 跳过服务器同步: 否
2025-03-13 15:22:20,587 - password - INFO - 需要SSH更新密码 - 项目: HR系统, IP: 48.42.197.141, 用户: efhlky
2025-03-13 15:22:20,587 - password - INFO - 尝试更新服务器密码 - 项目: HR系统, IP: 48.42.197.141, 用户: efhlky
2025-03-13 15:22:30,592 - password - INFO - SSH密码更新操作已记录到日志文件: logs\ssh_operations.log
2025-03-13 15:22:30,594 - password - INFO - 更新所有者 高文彬 的密码记录成功
2025-03-13 15:22:30,594 - password - WARNING - 服务器密码更新失败，但本地密码已更新：连接或命令执行失败: timed out
2025-03-13 15:22:30,597 - ui.password_manager.ui_table.table_edit - INFO - 成功确认编辑 - 第4行: HR系统
2025-03-13 15:37:29,295 - root - INFO - 密码管理系统启动
2025-03-13 15:37:30,878 - user - INFO - 用户 admin 登录成功
2025-03-13 15:37:30,879 - login_ui - INFO - 用户 admin 登录成功
2025-03-13 15:37:30,880 - root - INFO - 用户 admin 登录成功，准备打开密码管理界面
2025-03-13 15:37:48,791 - ui.password_manager.ui_table.table_events - INFO - 右键菜单 - 当前行: 9, 当前列: 1, 选中行数: 1, 选中行: [9]
2025-03-13 15:37:48,792 - ui.password_manager.ui_table.table_events - INFO - 选中的密码单元格数量: 0
2025-03-13 15:38:01,311 - ui.password_manager.ui_table.table_edit - INFO - 开始确认编辑 - 第10行: ERP系统
2025-03-13 15:38:01,311 - ui.password_manager.ui_table.table_edit - INFO - 根据位置判断第10行是否为新行: False
2025-03-13 15:38:01,312 - ui.password_manager.ui_table.table_edit - INFO - 检查是否有需要SSH更新的密码
2025-03-13 15:38:01,312 - ui.password_manager.ui_table.table_password - INFO - 根据位置判断第1行是否为新行: False
2025-03-13 15:38:01,313 - ui.password_manager.ui_table.table_password - INFO - 根据位置判断第2行是否为新行: False
2025-03-13 15:38:01,313 - ui.password_manager.ui_table.table_password - INFO - 根据位置判断第3行是否为新行: False
2025-03-13 15:38:01,313 - ui.password_manager.ui_table.table_password - INFO - 根据位置判断第4行是否为新行: False
2025-03-13 15:38:01,314 - ui.password_manager.ui_table.table_password - INFO - 根据位置判断第5行是否为新行: False
2025-03-13 15:38:01,314 - ui.password_manager.ui_table.table_password - INFO - 根据位置判断第6行是否为新行: False
2025-03-13 15:38:01,315 - ui.password_manager.ui_table.table_password - INFO - 根据位置判断第7行是否为新行: False
2025-03-13 15:38:01,315 - ui.password_manager.ui_table.table_password - INFO - 根据位置判断第8行是否为新行: False
2025-03-13 15:38:01,315 - ui.password_manager.ui_table.table_password - INFO - 根据位置判断第9行是否为新行: False
2025-03-13 15:38:01,316 - ui.password_manager.ui_table.table_password - INFO - 根据位置判断第10行是否为新行: False
2025-03-13 15:38:01,316 - ui.password_manager.ui_table.table_password - INFO - 根据位置判断第11行是否为新行: False
2025-03-13 15:38:01,317 - ui.password_manager.ui_table.table_password - INFO - 根据位置判断第12行是否为新行: False
2025-03-13 15:38:01,317 - ui.password_manager.ui_table.table_password - INFO - 根据位置判断第13行是否为新行: False
2025-03-13 15:38:01,317 - ui.password_manager.ui_table.table_password - INFO - 根据位置判断第14行是否为新行: False
2025-03-13 15:38:01,318 - ui.password_manager.ui_table.table_password - INFO - 根据位置判断第15行是否为新行: False
2025-03-13 15:38:01,318 - ui.password_manager.ui_table.table_password - INFO - 根据位置判断第16行是否为新行: False
2025-03-13 15:38:01,318 - ui.password_manager.ui_table.table_password - INFO - 根据位置判断第17行是否为新行: False
2025-03-13 15:38:01,319 - ui.password_manager.ui_table.table_password - INFO - 根据位置判断第18行是否为新行: False
2025-03-13 15:38:01,319 - ui.password_manager.ui_table.table_password - INFO - 根据位置判断第19行是否为新行: False
2025-03-13 15:38:01,319 - ui.password_manager.ui_table.table_password - INFO - 根据位置判断第20行是否为新行: False
2025-03-13 15:38:01,320 - ui.password_manager.ui_table.table_password - INFO - 根据位置判断第21行是否为新行: False
2025-03-13 15:38:01,320 - ui.password_manager.ui_table.table_password - INFO - 根据位置判断第22行是否为新行: True
2025-03-13 15:38:01,320 - ui.password_manager.ui_table.table_password - INFO - 跳过第22行的SSH更新检查 (新添加的行)
2025-03-13 15:38:01,321 - ui.password_manager.ui_table.table_password - INFO - 根据位置判断第23行是否为新行: False
2025-03-13 15:38:01,321 - ui.password_manager.ui_table.table_password - INFO - 没有找到需要SSH更新的密码
2025-03-13 15:38:01,321 - password - INFO - 调试信息 - update_password被调用，skip_server_sync参数值为: False，类型: <class 'bool'>
2025-03-13 15:38:01,322 - password - INFO - 更新密码记录 - 所有者: 徐国明, 索引: 9, 项目: ERP系统, 跳过服务器同步: 否
2025-03-13 15:38:01,322 - password - INFO - 需要SSH更新密码 - 项目: ERP系统, IP: 174.42.102.21, 用户: root36
2025-03-13 15:38:01,322 - password - INFO - 尝试更新服务器密码 - 项目: ERP系统, IP: 174.42.102.21, 用户: root36
2025-03-13 15:38:11,344 - password - INFO - SSH密码更新操作已记录到日志文件: logs\ssh_operations.log
2025-03-13 15:38:11,346 - password - INFO - 更新所有者 徐国明 的密码记录成功
2025-03-13 15:38:11,347 - password - WARNING - 服务器密码更新失败，但本地密码已更新：连接或命令执行失败: timed out
2025-03-13 15:38:11,351 - ui.password_manager.ui_table.table_edit - INFO - 成功确认编辑 - 第10行: ERP系统
2025-03-13 15:40:15,623 - ui.password_manager.ui_table.table_events - INFO - 右键菜单 - 当前行: 10, 当前列: 1, 选中行数: 1, 选中行: [10]
2025-03-13 15:40:15,624 - ui.password_manager.ui_table.table_events - INFO - 选中的密码单元格数量: 0
2025-03-13 15:40:30,982 - ui.password_manager.ui_table.table_edit - INFO - 开始确认编辑 - 第11行: ERP系统
2025-03-13 15:40:30,983 - ui.password_manager.ui_table.table_edit - INFO - 根据位置判断第11行是否为新行: False
2025-03-13 15:40:30,983 - ui.password_manager.ui_table.table_edit - INFO - 检查是否有需要SSH更新的密码
2025-03-13 15:40:30,984 - ui.password_manager.ui_table.table_password - INFO - 根据位置判断第1行是否为新行: False
2025-03-13 15:40:30,984 - ui.password_manager.ui_table.table_password - INFO - 根据位置判断第2行是否为新行: False
2025-03-13 15:40:30,984 - ui.password_manager.ui_table.table_password - INFO - 根据位置判断第3行是否为新行: False
2025-03-13 15:40:30,984 - ui.password_manager.ui_table.table_password - INFO - 根据位置判断第4行是否为新行: False
2025-03-13 15:40:30,985 - ui.password_manager.ui_table.table_password - INFO - 根据位置判断第5行是否为新行: False
2025-03-13 15:40:30,985 - ui.password_manager.ui_table.table_password - INFO - 根据位置判断第6行是否为新行: False
2025-03-13 15:40:30,985 - ui.password_manager.ui_table.table_password - INFO - 根据位置判断第7行是否为新行: False
2025-03-13 15:40:30,986 - ui.password_manager.ui_table.table_password - INFO - 根据位置判断第8行是否为新行: False
2025-03-13 15:40:30,986 - ui.password_manager.ui_table.table_password - INFO - 根据位置判断第9行是否为新行: False
2025-03-13 15:40:30,987 - ui.password_manager.ui_table.table_password - INFO - 根据位置判断第10行是否为新行: False
2025-03-13 15:40:30,987 - ui.password_manager.ui_table.table_password - INFO - 根据位置判断第11行是否为新行: False
2025-03-13 15:40:30,987 - ui.password_manager.ui_table.table_password - INFO - 根据位置判断第12行是否为新行: False
2025-03-13 15:40:30,988 - ui.password_manager.ui_table.table_password - INFO - 根据位置判断第13行是否为新行: False
2025-03-13 15:40:30,988 - ui.password_manager.ui_table.table_password - INFO - 根据位置判断第14行是否为新行: False
2025-03-13 15:40:30,989 - ui.password_manager.ui_table.table_password - INFO - 根据位置判断第15行是否为新行: False
2025-03-13 15:40:30,989 - ui.password_manager.ui_table.table_password - INFO - 根据位置判断第16行是否为新行: False
2025-03-13 15:40:30,990 - ui.password_manager.ui_table.table_password - INFO - 根据位置判断第17行是否为新行: False
2025-03-13 15:40:30,990 - ui.password_manager.ui_table.table_password - INFO - 根据位置判断第18行是否为新行: False
2025-03-13 15:40:30,990 - ui.password_manager.ui_table.table_password - INFO - 根据位置判断第19行是否为新行: False
2025-03-13 15:40:30,991 - ui.password_manager.ui_table.table_password - INFO - 根据位置判断第20行是否为新行: False
2025-03-13 15:40:30,991 - ui.password_manager.ui_table.table_password - INFO - 根据位置判断第21行是否为新行: False
2025-03-13 15:40:30,991 - ui.password_manager.ui_table.table_password - INFO - 根据位置判断第22行是否为新行: True
2025-03-13 15:40:30,992 - ui.password_manager.ui_table.table_password - INFO - 跳过第22行的SSH更新检查 (新添加的行)
2025-03-13 15:40:30,992 - ui.password_manager.ui_table.table_password - INFO - 根据位置判断第23行是否为新行: False
2025-03-13 15:40:30,992 - ui.password_manager.ui_table.table_password - INFO - 没有找到需要SSH更新的密码
2025-03-13 15:40:30,993 - password - INFO - 调试信息 - update_password被调用，skip_server_sync参数值为: False，类型: <class 'bool'>
2025-03-13 15:40:30,993 - password - INFO - 更新密码记录 - 所有者: 徐国明, 索引: 10, 项目: ERP系统, 跳过服务器同步: 否
2025-03-13 15:40:30,993 - password - INFO - 需要SSH更新密码 - 项目: ERP系统, IP: 174.42.102.22, 用户: root36
2025-03-13 15:40:30,994 - password - INFO - 尝试更新服务器密码 - 项目: ERP系统, IP: 174.42.102.22, 用户: root36
2025-03-13 15:40:41,006 - password - INFO - SSH密码更新操作已记录到日志文件: logs\ssh_operations.log
2025-03-13 15:40:41,008 - password - INFO - 更新所有者 徐国明 的密码记录成功
2025-03-13 15:40:41,009 - password - WARNING - 服务器密码更新失败，但本地密码已更新：连接或命令执行失败: timed out
2025-03-13 15:40:41,012 - ui.password_manager.ui_table.table_edit - INFO - 成功确认编辑 - 第11行: ERP系统
2025-03-13 15:41:15,424 - user - INFO - 用户已登出
2025-03-13 15:42:19,694 - user - INFO - 用户已登出
2025-03-13 15:42:21,670 - root - INFO - 密码管理系统启动
2025-03-13 15:42:23,215 - user - INFO - 用户 admin 登录成功
2025-03-13 15:42:23,216 - login_ui - INFO - 用户 admin 登录成功
2025-03-13 15:42:23,217 - root - INFO - 用户 admin 登录成功，准备打开密码管理界面
2025-03-13 15:42:36,212 - ui.password_manager.ui_table.table_events - INFO - 右键菜单 - 当前行: 16, 当前列: 1, 选中行数: 1, 选中行: [16]
2025-03-13 15:42:36,212 - ui.password_manager.ui_table.table_events - INFO - 选中的密码单元格数量: 0
2025-03-13 15:42:48,775 - ui.password_manager.ui_table.table_edit - INFO - 开始确认编辑 - 第16行: 门禁系统
2025-03-13 15:42:48,776 - ui.password_manager.ui_table.table_edit - INFO - 根据位置判断第16行是否为新行: False
2025-03-13 15:42:48,776 - ui.password_manager.ui_table.table_edit - INFO - 检查是否有需要SSH更新的密码
2025-03-13 15:42:48,776 - ui.password_manager.ui_table.table_password - INFO - 根据位置判断第1行是否为新行: False
2025-03-13 15:42:48,777 - ui.password_manager.ui_table.table_password - INFO - 根据位置判断第2行是否为新行: False
2025-03-13 15:42:48,777 - ui.password_manager.ui_table.table_password - INFO - 根据位置判断第3行是否为新行: False
2025-03-13 15:42:48,777 - ui.password_manager.ui_table.table_password - INFO - 根据位置判断第4行是否为新行: False
2025-03-13 15:42:48,778 - ui.password_manager.ui_table.table_password - INFO - 根据位置判断第5行是否为新行: False
2025-03-13 15:42:48,778 - ui.password_manager.ui_table.table_password - INFO - 根据位置判断第6行是否为新行: False
2025-03-13 15:42:48,778 - ui.password_manager.ui_table.table_password - INFO - 根据位置判断第7行是否为新行: False
2025-03-13 15:42:48,778 - ui.password_manager.ui_table.table_password - INFO - 根据位置判断第8行是否为新行: False
2025-03-13 15:42:48,779 - ui.password_manager.ui_table.table_password - INFO - 根据位置判断第9行是否为新行: False
2025-03-13 15:42:48,779 - ui.password_manager.ui_table.table_password - INFO - 根据位置判断第10行是否为新行: False
2025-03-13 15:42:48,779 - ui.password_manager.ui_table.table_password - INFO - 根据位置判断第11行是否为新行: False
2025-03-13 15:42:48,779 - ui.password_manager.ui_table.table_password - INFO - 根据位置判断第12行是否为新行: False
2025-03-13 15:42:48,780 - ui.password_manager.ui_table.table_password - INFO - 根据位置判断第13行是否为新行: False
2025-03-13 15:42:48,780 - ui.password_manager.ui_table.table_password - INFO - 根据位置判断第14行是否为新行: False
2025-03-13 15:42:48,780 - ui.password_manager.ui_table.table_password - INFO - 根据位置判断第15行是否为新行: False
2025-03-13 15:42:48,781 - ui.password_manager.ui_table.table_password - INFO - 根据位置判断第16行是否为新行: False
2025-03-13 15:42:48,781 - ui.password_manager.ui_table.table_password - INFO - 根据位置判断第17行是否为新行: False
2025-03-13 15:42:48,781 - ui.password_manager.ui_table.table_password - INFO - 根据位置判断第18行是否为新行: False
2025-03-13 15:42:48,781 - ui.password_manager.ui_table.table_password - INFO - 根据位置判断第19行是否为新行: False
2025-03-13 15:42:48,782 - ui.password_manager.ui_table.table_password - INFO - 根据位置判断第20行是否为新行: False
2025-03-13 15:42:48,782 - ui.password_manager.ui_table.table_password - INFO - 根据位置判断第21行是否为新行: True
2025-03-13 15:42:48,782 - ui.password_manager.ui_table.table_password - INFO - 跳过第21行的SSH更新检查 (新添加的行)
2025-03-13 15:42:48,782 - ui.password_manager.ui_table.table_password - INFO - 根据位置判断第22行是否为新行: False
2025-03-13 15:42:48,783 - ui.password_manager.ui_table.table_password - INFO - 没有找到需要SSH更新的密码
2025-03-13 15:42:48,783 - password - INFO - 调试信息 - update_password被调用，skip_server_sync参数值为: False，类型: <class 'bool'>
2025-03-13 15:42:48,783 - password - INFO - 更新密码记录 - 所有者: 徐国明, 索引: 15, 项目: 门禁系统, 跳过服务器同步: 否
2025-03-13 15:42:48,785 - password - INFO - 更新所有者 徐国明 的密码记录成功
2025-03-13 15:42:48,787 - ui.password_manager.ui_table.table_edit - INFO - 成功确认编辑 - 第16行: 门禁系统
2025-03-13 15:42:51,342 - ui.password_manager.ui_table.table_events - INFO - 右键菜单 - 当前行: 16, 当前列: 1, 选中行数: 1, 选中行: [16]
2025-03-13 15:42:51,342 - ui.password_manager.ui_table.table_events - INFO - 选中的密码单元格数量: 0
2025-03-13 15:42:55,949 - ui.password_manager.ui_table.table_edit - INFO - 取消编辑 - 第16行: 
2025-03-13 15:42:55,951 - ui.password_manager.ui_table.table_edit - INFO - 取消编辑完成，已恢复原始数据
2025-03-13 15:42:57,053 - ui.password_manager.ui_table.table_events - INFO - 右键菜单 - 当前行: 19, 当前列: 1, 选中行数: 1, 选中行: [19]
2025-03-13 15:42:57,054 - ui.password_manager.ui_table.table_events - INFO - 选中的密码单元格数量: 0
2025-03-13 15:43:02,207 - ui.password_manager.ui_table.table_edit - INFO - 开始确认编辑 - 第19行: Kubernetes
2025-03-13 15:43:02,207 - ui.password_manager.ui_table.table_edit - INFO - 根据位置判断第19行是否为新行: False
2025-03-13 15:43:02,208 - ui.password_manager.ui_table.table_edit - INFO - 检查是否有需要SSH更新的密码
2025-03-13 15:43:02,208 - ui.password_manager.ui_table.table_password - INFO - 根据位置判断第1行是否为新行: False
2025-03-13 15:43:02,208 - ui.password_manager.ui_table.table_password - INFO - 根据位置判断第2行是否为新行: False
2025-03-13 15:43:02,208 - ui.password_manager.ui_table.table_password - INFO - 根据位置判断第3行是否为新行: False
2025-03-13 15:43:02,209 - ui.password_manager.ui_table.table_password - INFO - 根据位置判断第4行是否为新行: False
2025-03-13 15:43:02,209 - ui.password_manager.ui_table.table_password - INFO - 根据位置判断第5行是否为新行: False
2025-03-13 15:43:02,209 - ui.password_manager.ui_table.table_password - INFO - 根据位置判断第6行是否为新行: False
2025-03-13 15:43:02,210 - ui.password_manager.ui_table.table_password - INFO - 根据位置判断第7行是否为新行: False
2025-03-13 15:43:02,210 - ui.password_manager.ui_table.table_password - INFO - 根据位置判断第8行是否为新行: False
2025-03-13 15:43:02,210 - ui.password_manager.ui_table.table_password - INFO - 根据位置判断第9行是否为新行: False
2025-03-13 15:43:02,210 - ui.password_manager.ui_table.table_password - INFO - 根据位置判断第10行是否为新行: False
2025-03-13 15:43:02,211 - ui.password_manager.ui_table.table_password - INFO - 根据位置判断第11行是否为新行: False
2025-03-13 15:43:02,211 - ui.password_manager.ui_table.table_password - INFO - 根据位置判断第12行是否为新行: False
2025-03-13 15:43:02,211 - ui.password_manager.ui_table.table_password - INFO - 根据位置判断第13行是否为新行: False
2025-03-13 15:43:02,211 - ui.password_manager.ui_table.table_password - INFO - 根据位置判断第14行是否为新行: False
2025-03-13 15:43:02,212 - ui.password_manager.ui_table.table_password - INFO - 根据位置判断第15行是否为新行: False
2025-03-13 15:43:02,212 - ui.password_manager.ui_table.table_password - INFO - 根据位置判断第16行是否为新行: False
2025-03-13 15:43:02,212 - ui.password_manager.ui_table.table_password - INFO - 根据位置判断第17行是否为新行: False
2025-03-13 15:43:02,213 - ui.password_manager.ui_table.table_password - INFO - 根据位置判断第18行是否为新行: False
2025-03-13 15:43:02,213 - ui.password_manager.ui_table.table_password - INFO - 根据位置判断第19行是否为新行: False
2025-03-13 15:43:02,213 - ui.password_manager.ui_table.table_password - INFO - 根据位置判断第20行是否为新行: False
2025-03-13 15:43:02,213 - ui.password_manager.ui_table.table_password - INFO - 根据位置判断第21行是否为新行: True
2025-03-13 15:43:02,214 - ui.password_manager.ui_table.table_password - INFO - 跳过第21行的SSH更新检查 (新添加的行)
2025-03-13 15:43:02,214 - ui.password_manager.ui_table.table_password - INFO - 根据位置判断第22行是否为新行: False
2025-03-13 15:43:02,214 - ui.password_manager.ui_table.table_password - INFO - 没有找到需要SSH更新的密码
2025-03-13 15:43:02,214 - password - INFO - 调试信息 - update_password被调用，skip_server_sync参数值为: False，类型: <class 'bool'>
2025-03-13 15:43:02,215 - password - INFO - 更新密码记录 - 所有者: 徐国明, 索引: 18, 项目: Kubernetes, 跳过服务器同步: 否
2025-03-13 15:43:02,216 - password - INFO - 更新所有者 徐国明 的密码记录成功
2025-03-13 15:43:02,219 - ui.password_manager.ui_table.table_edit - INFO - 成功确认编辑 - 第19行: Kubernetes
2025-03-13 15:43:03,951 - ui.password_manager.ui_table.table_events - INFO - 右键菜单 - 当前行: 19, 当前列: 2, 选中行数: 1, 选中行: [19]
2025-03-13 15:43:03,952 - ui.password_manager.ui_table.table_events - INFO - 选中的密码单元格数量: 0
2025-03-13 15:43:08,646 - ui.password_manager.ui_table.table_edit - INFO - 开始确认编辑 - 第19行: Kubernetes
2025-03-13 15:43:08,647 - ui.password_manager.ui_table.table_edit - INFO - 根据位置判断第19行是否为新行: False
2025-03-13 15:43:08,647 - ui.password_manager.ui_table.table_edit - INFO - 检查是否有需要SSH更新的密码
2025-03-13 15:43:08,648 - ui.password_manager.ui_table.table_password - INFO - 根据位置判断第1行是否为新行: False
2025-03-13 15:43:08,648 - ui.password_manager.ui_table.table_password - INFO - 根据位置判断第2行是否为新行: False
2025-03-13 15:43:08,648 - ui.password_manager.ui_table.table_password - INFO - 根据位置判断第3行是否为新行: False
2025-03-13 15:43:08,649 - ui.password_manager.ui_table.table_password - INFO - 根据位置判断第4行是否为新行: False
2025-03-13 15:43:08,649 - ui.password_manager.ui_table.table_password - INFO - 根据位置判断第5行是否为新行: False
2025-03-13 15:43:08,649 - ui.password_manager.ui_table.table_password - INFO - 根据位置判断第6行是否为新行: False
2025-03-13 15:43:08,649 - ui.password_manager.ui_table.table_password - INFO - 根据位置判断第7行是否为新行: False
2025-03-13 15:43:08,650 - ui.password_manager.ui_table.table_password - INFO - 根据位置判断第8行是否为新行: False
2025-03-13 15:43:08,650 - ui.password_manager.ui_table.table_password - INFO - 根据位置判断第9行是否为新行: False
2025-03-13 15:43:08,650 - ui.password_manager.ui_table.table_password - INFO - 根据位置判断第10行是否为新行: False
2025-03-13 15:43:08,650 - ui.password_manager.ui_table.table_password - INFO - 根据位置判断第11行是否为新行: False
2025-03-13 15:43:08,651 - ui.password_manager.ui_table.table_password - INFO - 根据位置判断第12行是否为新行: False
2025-03-13 15:43:08,651 - ui.password_manager.ui_table.table_password - INFO - 根据位置判断第13行是否为新行: False
2025-03-13 15:43:08,651 - ui.password_manager.ui_table.table_password - INFO - 根据位置判断第14行是否为新行: False
2025-03-13 15:43:08,652 - ui.password_manager.ui_table.table_password - INFO - 根据位置判断第15行是否为新行: False
2025-03-13 15:43:08,652 - ui.password_manager.ui_table.table_password - INFO - 根据位置判断第16行是否为新行: False
2025-03-13 15:43:08,652 - ui.password_manager.ui_table.table_password - INFO - 根据位置判断第17行是否为新行: False
2025-03-13 15:43:08,653 - ui.password_manager.ui_table.table_password - INFO - 根据位置判断第18行是否为新行: False
2025-03-13 15:43:08,653 - ui.password_manager.ui_table.table_password - INFO - 根据位置判断第19行是否为新行: False
2025-03-13 15:43:08,653 - ui.password_manager.ui_table.table_password - INFO - 根据位置判断第20行是否为新行: False
2025-03-13 15:43:08,653 - ui.password_manager.ui_table.table_password - INFO - 根据位置判断第21行是否为新行: True
2025-03-13 15:43:08,654 - ui.password_manager.ui_table.table_password - INFO - 跳过第21行的SSH更新检查 (新添加的行)
2025-03-13 15:43:08,654 - ui.password_manager.ui_table.table_password - INFO - 根据位置判断第22行是否为新行: False
2025-03-13 15:43:08,654 - ui.password_manager.ui_table.table_password - INFO - 没有找到需要SSH更新的密码
2025-03-13 15:43:08,654 - password - INFO - 调试信息 - update_password被调用，skip_server_sync参数值为: False，类型: <class 'bool'>
2025-03-13 15:43:08,655 - password - INFO - 更新密码记录 - 所有者: 徐国明, 索引: 18, 项目: Kubernetes, 跳过服务器同步: 否
2025-03-13 15:43:08,656 - password - INFO - 更新所有者 徐国明 的密码记录成功
2025-03-13 15:43:08,659 - ui.password_manager.ui_table.table_edit - INFO - 成功确认编辑 - 第19行: Kubernetes
2025-03-13 15:43:10,860 - ui.password_manager.ui_table.table_events - INFO - 右键菜单 - 当前行: 19, 当前列: 5, 选中行数: 1, 选中行: [19]
2025-03-13 15:43:10,860 - ui.password_manager.ui_table.table_events - INFO - 选中的密码单元格数量: 1
2025-03-13 15:43:16,061 - ui.password_manager.ui_table.table_edit - INFO - 开始确认编辑 - 第19行: Kubernetes
2025-03-13 15:43:16,062 - ui.password_manager.ui_table.table_edit - INFO - 根据位置判断第19行是否为新行: False
2025-03-13 15:43:16,062 - ui.password_manager.ui_table.table_edit - INFO - 检查是否有需要SSH更新的密码
2025-03-13 15:43:16,062 - ui.password_manager.ui_table.table_password - INFO - 根据位置判断第1行是否为新行: False
2025-03-13 15:43:16,063 - ui.password_manager.ui_table.table_password - INFO - 根据位置判断第2行是否为新行: False
2025-03-13 15:43:16,063 - ui.password_manager.ui_table.table_password - INFO - 根据位置判断第3行是否为新行: False
2025-03-13 15:43:16,063 - ui.password_manager.ui_table.table_password - INFO - 根据位置判断第4行是否为新行: False
2025-03-13 15:43:16,063 - ui.password_manager.ui_table.table_password - INFO - 根据位置判断第5行是否为新行: False
2025-03-13 15:43:16,064 - ui.password_manager.ui_table.table_password - INFO - 根据位置判断第6行是否为新行: False
2025-03-13 15:43:16,064 - ui.password_manager.ui_table.table_password - INFO - 根据位置判断第7行是否为新行: False
2025-03-13 15:43:16,064 - ui.password_manager.ui_table.table_password - INFO - 根据位置判断第8行是否为新行: False
2025-03-13 15:43:16,065 - ui.password_manager.ui_table.table_password - INFO - 根据位置判断第9行是否为新行: False
2025-03-13 15:43:16,065 - ui.password_manager.ui_table.table_password - INFO - 根据位置判断第10行是否为新行: False
2025-03-13 15:43:16,065 - ui.password_manager.ui_table.table_password - INFO - 根据位置判断第11行是否为新行: False
2025-03-13 15:43:16,065 - ui.password_manager.ui_table.table_password - INFO - 根据位置判断第12行是否为新行: False
2025-03-13 15:43:16,066 - ui.password_manager.ui_table.table_password - INFO - 根据位置判断第13行是否为新行: False
2025-03-13 15:43:16,066 - ui.password_manager.ui_table.table_password - INFO - 根据位置判断第14行是否为新行: False
2025-03-13 15:43:16,066 - ui.password_manager.ui_table.table_password - INFO - 根据位置判断第15行是否为新行: False
2025-03-13 15:43:16,067 - ui.password_manager.ui_table.table_password - INFO - 根据位置判断第16行是否为新行: False
2025-03-13 15:43:16,067 - ui.password_manager.ui_table.table_password - INFO - 根据位置判断第17行是否为新行: False
2025-03-13 15:43:16,067 - ui.password_manager.ui_table.table_password - INFO - 根据位置判断第18行是否为新行: False
2025-03-13 15:43:16,068 - ui.password_manager.ui_table.table_password - INFO - 根据位置判断第19行是否为新行: False
2025-03-13 15:43:16,068 - ui.password_manager.ui_table.table_password - INFO - 根据位置判断第20行是否为新行: False
2025-03-13 15:43:16,068 - ui.password_manager.ui_table.table_password - INFO - 根据位置判断第21行是否为新行: True
2025-03-13 15:43:16,069 - ui.password_manager.ui_table.table_password - INFO - 跳过第21行的SSH更新检查 (新添加的行)
2025-03-13 15:43:16,069 - ui.password_manager.ui_table.table_password - INFO - 根据位置判断第22行是否为新行: False
2025-03-13 15:43:16,069 - ui.password_manager.ui_table.table_password - INFO - 没有找到需要SSH更新的密码
2025-03-13 15:43:16,070 - password - INFO - 调试信息 - update_password被调用，skip_server_sync参数值为: False，类型: <class 'bool'>
2025-03-13 15:43:16,070 - password - INFO - 更新密码记录 - 所有者: 徐国明, 索引: 18, 项目: Kubernetes, 跳过服务器同步: 否
2025-03-13 15:43:16,070 - password - INFO - 需要SSH更新密码 - 项目: Kubernetes, IP: 246.106.252.65, 用户: admin27
2025-03-13 15:43:16,071 - password - INFO - 尝试更新服务器密码 - 项目: Kubernetes, IP: 246.106.252.65, 用户: admin27
2025-03-13 15:43:16,075 - password - INFO - SSH密码更新操作已记录到日志文件: logs\ssh_operations.log
2025-03-13 15:43:16,076 - password - INFO - 更新所有者 徐国明 的密码记录成功
2025-03-13 15:43:16,077 - password - WARNING - 服务器密码更新失败，但本地密码已更新：连接或命令执行失败: [WinError 10051] 向一个无法连接的网络尝试了一个套接字操作。
2025-03-13 15:43:16,080 - ui.password_manager.ui_table.table_edit - INFO - 成功确认编辑 - 第19行: Kubernetes
2025-03-13 15:57:05,306 - root - INFO - 密码管理系统启动
2025-03-13 15:57:06,508 - user - INFO - 用户 admin 登录成功
2025-03-13 15:57:06,509 - login_ui - INFO - 用户 admin 登录成功
2025-03-13 15:57:06,510 - root - INFO - 用户 admin 登录成功，准备打开密码管理界面
2025-03-13 15:57:08,948 - ui.password_manager.ui_table.table_events - INFO - 右键菜单 - 当前行: 10, 当前列: 1, 选中行数: 2, 选中行: [10, 11]
2025-03-13 15:57:08,949 - ui.password_manager.ui_table.table_events - INFO - 选中的密码单元格数量: 0
2025-03-13 15:57:10,610 - password - INFO - 删除所有者 徐国明 的密码记录成功
2025-03-13 15:57:10,612 - password - INFO - 删除所有者 徐国明 的密码记录成功
2025-03-13 15:57:12,522 - ui.password_manager.ui_table.table_events - INFO - 右键菜单 - 当前行: 8, 当前列: 1, 选中行数: 1, 选中行: [8]
2025-03-13 15:57:12,523 - ui.password_manager.ui_table.table_events - INFO - 选中的密码单元格数量: 0
2025-03-13 15:57:15,883 - user - INFO - 用户已登出
2025-03-13 16:05:32,354 - root - INFO - 密码管理系统启动
2025-03-13 16:05:34,058 - user - INFO - 用户 admin 登录成功
2025-03-13 16:05:34,058 - login_ui - INFO - 用户 admin 登录成功
2025-03-13 16:05:34,059 - root - INFO - 用户 admin 登录成功，准备打开密码管理界面
2025-03-13 16:05:36,283 - ui.password_manager.ui_table.table_events - INFO - 右键菜单 - 当前行: 3, 当前列: 5, 选中行数: 1, 选中行: [3]
2025-03-13 16:05:36,283 - ui.password_manager.ui_table.table_events - INFO - 选中的密码单元格数量: 1
2025-03-13 16:05:42,146 - ui.password_manager.ui_table.table_events - INFO - 右键菜单 - 当前行: 3, 当前列: 5, 选中行数: 1, 选中行: [3]
2025-03-13 16:05:42,147 - ui.password_manager.ui_table.table_events - INFO - 选中的密码单元格数量: 1
2025-03-13 16:05:45,259 - user - INFO - 用户已登出
2025-03-13 16:11:40,668 - root - INFO - 密码管理系统启动
2025-03-13 16:11:41,941 - user - INFO - 用户 admin 登录成功
2025-03-13 16:11:41,941 - login_ui - INFO - 用户 admin 登录成功
2025-03-13 16:11:41,942 - root - INFO - 用户 admin 登录成功，准备打开密码管理界面
2025-03-13 16:11:43,410 - ui.password_manager.ui_table.table_events - INFO - 右键菜单 - 当前行: 3, 当前列: 5, 选中行数: 1, 选中行: [3]
2025-03-13 16:11:43,411 - ui.password_manager.ui_table.table_events - INFO - 选中的密码单元格数量: 1
2025-03-13 16:11:44,275 - ui.password_manager.ui_table.table_password - INFO - 随机密码生成: 根据位置判断第3行是否为新行: False
2025-03-13 16:11:44,275 - ui.password_manager.ui_table.table_password - INFO - 已为第3行生成8位随机密码 (服务器密码，需要SSH更新)
2025-03-13 16:11:44,276 - ui.password_manager.ui_table.table_password - INFO - 生成密码后一次性进入编辑模式 - 共 1 行
2025-03-13 16:11:44,281 - ui.password_manager.ui_table.table_password - INFO - 已为1个密码单元格生成8位随机密码
2025-03-13 16:11:45,475 - ui.password_manager.ui_table.table_edit - INFO - 开始确认编辑 - 第3行: 监控系统
2025-03-13 16:11:45,475 - ui.password_manager.ui_table.table_edit - INFO - 批量编辑模式 - 一次性确认所有修改
2025-03-13 16:11:45,476 - ui.password_manager.ui_table.table_edit - INFO - 批量确认 1 行的编辑 - 开始处理
2025-03-13 16:11:45,476 - ui.password_manager.ui_table.table_edit - INFO - 批量确认项目: 监控系统
2025-03-13 16:11:45,476 - ui.password_manager.ui_table.table_edit - INFO - 根据位置判断第3行是否为新行: False
2025-03-13 16:11:45,477 - ui.password_manager.ui_table.table_edit - INFO - 批量编辑中: 新行数量=0, 现有行数量=1
2025-03-13 16:11:45,477 - ui.password_manager.ui_table.table_edit - INFO - 检查是否有需要SSH更新的密码
2025-03-13 16:11:45,477 - ui.password_manager.ui_table.table_password - INFO - 批量SSH更新: 开始检查 1 行数据
2025-03-13 16:11:45,477 - ui.password_manager.ui_table.table_password - INFO - 批量SSH更新: 根据位置判断第3行是否为新行: False
2025-03-13 16:11:45,478 - ui.password_manager.ui_table.table_password - INFO - 找到需要SSH更新的密码 - 行: 3, IP: 200.57.67.76, 用户: operator72, 项目: 监控系统
2025-03-13 16:11:45,478 - ui.password_manager.ui_table.table_password - INFO - 批量SSH更新: 开始更新 1 个服务器密码
2025-03-13 16:11:45,478 - ui.password_manager.ui_table.table_password - INFO - 批量SSH更新: 开始更新 - 行: 3, IP: 200.57.67.76, 用户: operator72, 项目: 监控系统
2025-03-13 16:11:55,497 - ui.password_manager.ui_table.table_password - INFO - SSH密码更新操作已记录到日志文件: logs\ssh_operations.log
2025-03-13 16:11:55,498 - ui.password_manager.ui_table.table_password - WARNING - 批量SSH更新失败 - 行: 3, IP: 200.57.67.76, 用户: operator72, 项目: 监控系统, 错误: 连接或命令执行失败: timed out
2025-03-13 16:11:55,498 - ui.password_manager.ui_table.table_password - INFO - 已恢复第3行的原始密码
2025-03-13 16:11:55,498 - ui.password_manager.ui_table.table_password - INFO - 显示SSH更新结果对话框: 成功 0/1, 失败 1/1
2025-03-13 16:11:57,198 - ui.password_manager.ui_table.table_password - WARNING - 批量SSH更新: 所有 1 个更新都失败，取消本地数据库更新
2025-03-13 16:11:57,199 - ui.password_manager.ui_table.table_edit - WARNING - SSH密码更新失败，取消本地数据库更新
2025-03-13 16:11:57,200 - ui.password_manager.ui_table.table_edit - INFO - 取消编辑 - 第3行: 监控系统
2025-03-13 16:11:57,205 - ui.password_manager.ui_table.table_edit - INFO - 取消编辑完成，已恢复原始数据
2025-03-13 16:11:57,205 - ui.password_manager.ui_table.table_edit - WARNING - 批量确认 1 行的编辑 - 由于SSH更新失败而取消
2025-03-13 16:12:01,385 - ui.password_manager.ui_table.table_events - INFO - 右键菜单 - 当前行: 3, 当前列: 5, 选中行数: 1, 选中行: [3]
2025-03-13 16:12:01,385 - ui.password_manager.ui_table.table_events - INFO - 选中的密码单元格数量: 1
2025-03-13 16:12:11,289 - ui.password_manager.ui_table.table_events - INFO - 右键菜单 - 当前行: 4, 当前列: 4, 选中行数: 1, 选中行: [4]
2025-03-13 16:12:11,291 - ui.password_manager.ui_table.table_events - INFO - 选中的密码单元格数量: 0
2025-03-13 16:12:14,722 - ui.password_manager.ui_table.table_events - INFO - 右键菜单 - 当前行: 4, 当前列: 1, 选中行数: 1, 选中行: [4]
2025-03-13 16:12:14,722 - ui.password_manager.ui_table.table_events - INFO - 选中的密码单元格数量: 0
2025-03-13 16:12:18,524 - ui.password_manager.ui_table.table_events - INFO - 右键菜单 - 当前行: 4, 当前列: 1, 选中行数: 1, 选中行: [4]
2025-03-13 16:12:18,524 - ui.password_manager.ui_table.table_events - INFO - 选中的密码单元格数量: 0
2025-03-13 16:12:19,761 - ui.password_manager.ui_table.table_events - INFO - 右键菜单 - 当前行: 7, 当前列: 1, 选中行数: 1, 选中行: [7]
2025-03-13 16:12:19,761 - ui.password_manager.ui_table.table_events - INFO - 选中的密码单元格数量: 0
2025-03-13 16:19:38,662 - user - INFO - 用户已登出
2025-03-13 16:19:41,358 - root - INFO - 密码管理系统启动
2025-03-13 16:19:45,833 - user - INFO - 用户 admin 登录成功
2025-03-13 16:19:45,833 - login_ui - INFO - 用户 admin 登录成功
2025-03-13 16:19:45,834 - root - INFO - 用户 admin 登录成功，准备打开密码管理界面
2025-03-13 16:19:49,627 - ui.password_manager.ui_table.table_events - INFO - 右键菜单 - 当前行: 5, 当前列: 4, 选中行数: 1, 选中行: [5]
2025-03-13 16:19:49,628 - ui.password_manager.ui_table.table_events - INFO - 选中的密码单元格数量: 0
2025-03-13 16:19:50,551 - ui.password_manager.ui_table.table_events - INFO - 右键菜单 - 当前行: 5, 当前列: 5, 选中行数: 1, 选中行: [5]
2025-03-13 16:19:50,552 - ui.password_manager.ui_table.table_events - INFO - 选中的密码单元格数量: 1
2025-03-13 16:19:52,817 - ui.password_manager.ui_table.table_events - INFO - 右键菜单 - 当前行: 4, 当前列: 4, 选中行数: 1, 选中行: [4]
2025-03-13 16:19:52,818 - ui.password_manager.ui_table.table_events - INFO - 选中的密码单元格数量: 0
2025-03-13 16:19:53,791 - ui.password_manager.ui_table.table_events - INFO - 右键菜单 - 当前行: 4, 当前列: 3, 选中行数: 1, 选中行: [4]
2025-03-13 16:19:53,791 - ui.password_manager.ui_table.table_events - INFO - 选中的密码单元格数量: 0
2025-03-13 16:37:43,918 - user - INFO - 用户已登出
2025-03-13 16:37:46,844 - root - INFO - 密码管理系统启动
2025-03-13 16:37:48,079 - user - INFO - 用户 admin 登录成功
2025-03-13 16:37:48,080 - login_ui - INFO - 用户 admin 登录成功
2025-03-13 16:37:48,081 - root - INFO - 用户 admin 登录成功，准备打开密码管理界面
2025-03-13 16:37:49,958 - ui.password_manager.ui_table.table_events - INFO - 右键菜单 - 当前行: 5, 当前列: 1, 选中行数: 1, 选中行: [5]
2025-03-13 16:37:49,958 - ui.password_manager.ui_table.table_events - INFO - 选中的密码单元格数量: 0
2025-03-13 16:37:52,383 - ui.password_manager.ui_table.table_events - INFO - 右键菜单 - 当前行: 5, 当前列: 5, 选中行数: 1, 选中行: [5]
2025-03-13 16:37:52,384 - ui.password_manager.ui_table.table_events - INFO - 选中的密码单元格数量: 1
2025-03-13 16:37:53,177 - ui.password_manager.ui_table.table_password - INFO - 随机密码生成: 根据位置判断第5行是否为新行: False
2025-03-13 16:37:53,177 - ui.password_manager.ui_table.table_password - INFO - 已为第5行生成8位随机密码 (服务器密码，需要SSH更新)
2025-03-13 16:37:53,178 - ui.password_manager.ui_table.table_password - INFO - 生成密码后一次性进入编辑模式 - 共 1 行
2025-03-13 16:37:53,183 - ui.password_manager.ui_table.table_password - INFO - 已为1个密码单元格生成8位随机密码
2025-03-13 16:37:54,214 - ui.password_manager.ui_table.table_edit - INFO - 开始确认编辑 - 第5行: Jenkins
2025-03-13 16:37:54,215 - ui.password_manager.ui_table.table_edit - INFO - 批量编辑模式 - 一次性确认所有修改
2025-03-13 16:37:54,215 - ui.password_manager.ui_table.table_edit - WARNING - 批量编辑功能已被简化
2025-03-13 16:37:56,925 - ui.password_manager.ui_table.table_edit - INFO - 取消编辑 - 第5行: Jenkins
2025-03-13 16:37:56,925 - ui.password_manager.ui_table.table_edit - INFO - 取消批量编辑 - 共1行
2025-03-13 16:37:56,926 - ui.password_manager.ui_table.table_edit - INFO - 取消批量编辑项目: Jenkins
2025-03-13 16:37:56,930 - ui.password_manager.ui_table.table_edit - INFO - 取消编辑完成，已恢复原始数据
2025-03-13 16:37:58,230 - ui.password_manager.ui_table.table_events - INFO - 右键菜单 - 当前行: 5, 当前列: 3, 选中行数: 1, 选中行: [5]
2025-03-13 16:37:58,230 - ui.password_manager.ui_table.table_events - INFO - 选中的密码单元格数量: 0
2025-03-13 16:37:59,189 - ui.password_manager.ui_table.table_events - INFO - 右键菜单 - 当前行: 5, 当前列: 4, 选中行数: 1, 选中行: [5]
2025-03-13 16:37:59,190 - ui.password_manager.ui_table.table_events - INFO - 选中的密码单元格数量: 0
2025-03-13 16:37:59,717 - ui.password_manager.ui_table.table_events - INFO - 右键菜单 - 当前行: 5, 当前列: 5, 选中行数: 1, 选中行: [5]
2025-03-13 16:37:59,718 - ui.password_manager.ui_table.table_events - INFO - 选中的密码单元格数量: 1
2025-03-13 16:38:01,526 - ui.password_manager.ui_table.table_events - INFO - 右键菜单 - 当前行: 7, 当前列: 2, 选中行数: 1, 选中行: [7]
2025-03-13 16:38:01,526 - ui.password_manager.ui_table.table_events - INFO - 选中的密码单元格数量: 0
2025-03-13 16:38:03,087 - ui.password_manager.ui_table.table_events - INFO - 右键菜单 - 当前行: 6, 当前列: 1, 选中行数: 1, 选中行: [6]
2025-03-13 16:38:03,087 - ui.password_manager.ui_table.table_events - INFO - 选中的密码单元格数量: 0
2025-03-13 16:38:04,366 - ui.password_manager.ui_table.table_events - INFO - 右键菜单 - 当前行: 12, 当前列: 1, 选中行数: 1, 选中行: [12]
2025-03-13 16:38:04,367 - ui.password_manager.ui_table.table_events - INFO - 选中的密码单元格数量: 0
2025-03-13 16:38:06,023 - ui.password_manager.ui_table.table_events - INFO - 右键菜单 - 当前行: 11, 当前列: 1, 选中行数: 1, 选中行: [11]
2025-03-13 16:38:06,024 - ui.password_manager.ui_table.table_events - INFO - 选中的密码单元格数量: 0
2025-03-13 16:38:07,613 - ui.password_manager.ui_table.table_events - INFO - 右键菜单 - 当前行: 10, 当前列: 1, 选中行数: 1, 选中行: [10]
2025-03-13 16:38:07,614 - ui.password_manager.ui_table.table_events - INFO - 选中的密码单元格数量: 0
2025-03-13 16:38:08,614 - ui.password_manager.ui_table.table_events - INFO - 右键菜单 - 当前行: 8, 当前列: 1, 选中行数: 1, 选中行: [8]
2025-03-13 16:38:08,614 - ui.password_manager.ui_table.table_events - INFO - 选中的密码单元格数量: 0
2025-03-13 16:38:09,670 - ui.password_manager.ui_table.table_events - INFO - 右键菜单 - 当前行: 7, 当前列: 1, 选中行数: 1, 选中行: [7]
2025-03-13 16:38:09,670 - ui.password_manager.ui_table.table_events - INFO - 选中的密码单元格数量: 0
2025-03-13 16:38:10,853 - ui.password_manager.ui_table.table_events - INFO - 右键菜单 - 当前行: 6, 当前列: 1, 选中行数: 1, 选中行: [6]
2025-03-13 16:38:10,853 - ui.password_manager.ui_table.table_events - INFO - 选中的密码单元格数量: 0
2025-03-13 16:38:11,630 - ui.password_manager.ui_table.table_events - INFO - 右键菜单 - 当前行: 5, 当前列: 1, 选中行数: 1, 选中行: [5]
2025-03-13 16:38:11,630 - ui.password_manager.ui_table.table_events - INFO - 选中的密码单元格数量: 0
2025-03-13 16:38:12,726 - ui.password_manager.ui_table.table_events - INFO - 右键菜单 - 当前行: 4, 当前列: 1, 选中行数: 1, 选中行: [4]
2025-03-13 16:38:12,726 - ui.password_manager.ui_table.table_events - INFO - 选中的密码单元格数量: 0
2025-03-13 16:38:14,822 - ui.password_manager.ui_table.table_events - INFO - 右键菜单 - 当前行: 3, 当前列: 1, 选中行数: 1, 选中行: [3]
2025-03-13 16:38:14,823 - ui.password_manager.ui_table.table_events - INFO - 选中的密码单元格数量: 0
2025-03-13 16:38:15,663 - ui.password_manager.ui_table.table_events - INFO - 右键菜单 - 当前行: 2, 当前列: 1, 选中行数: 1, 选中行: [2]
2025-03-13 16:38:15,663 - ui.password_manager.ui_table.table_events - INFO - 选中的密码单元格数量: 0
2025-03-13 16:38:16,525 - ui.password_manager.ui_table.table_events - INFO - 右键菜单 - 当前行: 1, 当前列: 1, 选中行数: 1, 选中行: [1]
2025-03-13 16:38:16,526 - ui.password_manager.ui_table.table_events - INFO - 选中的密码单元格数量: 0
2025-03-13 16:38:17,597 - ui.password_manager.ui_table.table_events - INFO - 右键菜单 - 当前行: 1, 当前列: 2, 选中行数: 1, 选中行: [1]
2025-03-13 16:38:17,598 - ui.password_manager.ui_table.table_events - INFO - 选中的密码单元格数量: 0
2025-03-13 16:38:18,525 - ui.password_manager.ui_table.table_events - INFO - 右键菜单 - 当前行: 2, 当前列: 2, 选中行数: 1, 选中行: [2]
2025-03-13 16:38:18,525 - ui.password_manager.ui_table.table_events - INFO - 选中的密码单元格数量: 0
2025-03-13 16:38:20,928 - ui.password_manager.ui_table.table_events - INFO - 右键菜单 - 当前行: 3, 当前列: 2, 选中行数: 1, 选中行: [3]
2025-03-13 16:38:20,928 - ui.password_manager.ui_table.table_events - INFO - 选中的密码单元格数量: 0
2025-03-13 16:38:22,318 - ui.password_manager.ui_table.table_events - INFO - 右键菜单 - 当前行: 4, 当前列: 2, 选中行数: 1, 选中行: [4]
2025-03-13 16:38:22,318 - ui.password_manager.ui_table.table_events - INFO - 选中的密码单元格数量: 0
2025-03-13 16:38:23,894 - ui.password_manager.ui_table.table_events - INFO - 右键菜单 - 当前行: 15, 当前列: 5, 选中行数: 1, 选中行: [15]
2025-03-13 16:38:23,895 - ui.password_manager.ui_table.table_events - INFO - 选中的密码单元格数量: 1
2025-03-13 16:38:25,910 - ui.password_manager.ui_table.table_events - INFO - 右键菜单 - 当前行: 5, 当前列: 5, 选中行数: 1, 选中行: [5]
2025-03-13 16:38:25,910 - ui.password_manager.ui_table.table_events - INFO - 选中的密码单元格数量: 1
2025-03-13 16:38:26,518 - ui.password_manager.ui_table.table_events - INFO - 右键菜单 - 当前行: 10, 当前列: 4, 选中行数: 1, 选中行: [10]
2025-03-13 16:38:26,518 - ui.password_manager.ui_table.table_events - INFO - 选中的密码单元格数量: 0
2025-03-13 16:38:27,223 - ui.password_manager.ui_table.table_events - INFO - 右键菜单 - 当前行: 6, 当前列: 4, 选中行数: 1, 选中行: [6]
2025-03-13 16:38:27,223 - ui.password_manager.ui_table.table_events - INFO - 选中的密码单元格数量: 0
2025-03-13 16:38:27,925 - ui.password_manager.ui_table.table_events - INFO - 右键菜单 - 当前行: 10, 当前列: 5, 选中行数: 1, 选中行: [10]
2025-03-13 16:38:27,926 - ui.password_manager.ui_table.table_events - INFO - 选中的密码单元格数量: 1
2025-03-13 16:38:29,246 - ui.password_manager.ui_table.table_events - INFO - 右键菜单 - 当前行: 4, 当前列: 5, 选中行数: 1, 选中行: [4]
2025-03-13 16:38:29,246 - ui.password_manager.ui_table.table_events - INFO - 选中的密码单元格数量: 1
2025-03-13 16:38:29,941 - ui.password_manager.ui_table.table_events - INFO - 右键菜单 - 当前行: 2, 当前列: 5, 选中行数: 1, 选中行: [2]
2025-03-13 16:38:29,942 - ui.password_manager.ui_table.table_events - INFO - 选中的密码单元格数量: 1
2025-03-13 16:38:54,766 - ui.password_manager.ui_table.table_events - INFO - 右键菜单 - 当前行: 6, 当前列: 3, 选中行数: 1, 选中行: [6]
2025-03-13 16:38:54,766 - ui.password_manager.ui_table.table_events - INFO - 选中的密码单元格数量: 0
2025-03-13 16:38:56,278 - ui.password_manager.ui_table.table_events - INFO - 右键菜单 - 当前行: 3, 当前列: 1, 选中行数: 1, 选中行: [3]
2025-03-13 16:38:56,278 - ui.password_manager.ui_table.table_events - INFO - 选中的密码单元格数量: 0
2025-03-13 16:40:00,982 - ui.password_manager.ui_table.table_events - INFO - 右键菜单 - 当前行: 2, 当前列: 2, 选中行数: 1, 选中行: [2]
2025-03-13 16:40:00,982 - ui.password_manager.ui_table.table_events - INFO - 选中的密码单元格数量: 0
2025-03-13 16:41:38,224 - ui.password_manager.ui_table.table_events - INFO - 右键菜单 - 当前行: 7, 当前列: 4, 选中行数: 1, 选中行: [7]
2025-03-13 16:41:38,225 - ui.password_manager.ui_table.table_events - INFO - 选中的密码单元格数量: 0
2025-03-13 16:41:42,007 - user - INFO - 用户已登出
2025-03-13 16:55:52,101 - root - INFO - 密码管理系统启动
2025-03-13 16:55:54,238 - user - INFO - 用户 admin 登录成功
2025-03-13 16:55:54,238 - login_ui - INFO - 用户 admin 登录成功
2025-03-13 16:55:54,239 - root - INFO - 用户 admin 登录成功，准备打开密码管理界面
2025-03-13 16:56:00,821 - ui.password_manager.ui_table.table_events - INFO - 右键菜单 - 当前行: 6, 当前列: 3, 选中行数: 1, 选中行: [6]
2025-03-13 16:56:00,822 - ui.password_manager.ui_table.table_events - INFO - 选中的密码单元格数量: 0
2025-03-13 16:56:17,669 - ui.password_manager.ui_table.table_edit - INFO - 开始确认编辑 - 第6行: Jenkins
2025-03-13 16:56:17,670 - ui.password_manager.ui_table.table_edit - INFO - 根据位置判断第6行是否为新行: False
2025-03-13 16:56:17,670 - ui.password_manager.ui_table.table_edit - INFO - 检查是否有需要SSH更新的密码
2025-03-13 16:56:17,671 - ui.password_manager.ui_table.table_password - INFO - 根据位置判断第1行是否为新行: False
2025-03-13 16:56:17,671 - ui.password_manager.ui_table.table_password - INFO - 根据位置判断第2行是否为新行: False
2025-03-13 16:56:17,671 - ui.password_manager.ui_table.table_password - INFO - 根据位置判断第3行是否为新行: False
2025-03-13 16:56:17,672 - ui.password_manager.ui_table.table_password - INFO - 根据位置判断第4行是否为新行: False
2025-03-13 16:56:17,672 - ui.password_manager.ui_table.table_password - INFO - 根据位置判断第5行是否为新行: False
2025-03-13 16:56:17,673 - ui.password_manager.ui_table.table_password - INFO - 根据位置判断第6行是否为新行: False
2025-03-13 16:56:17,673 - ui.password_manager.ui_table.table_password - INFO - 根据位置判断第7行是否为新行: False
2025-03-13 16:56:17,674 - ui.password_manager.ui_table.table_password - INFO - 根据位置判断第8行是否为新行: False
2025-03-13 16:56:17,674 - ui.password_manager.ui_table.table_password - INFO - 根据位置判断第9行是否为新行: False
2025-03-13 16:56:17,675 - ui.password_manager.ui_table.table_password - INFO - 根据位置判断第10行是否为新行: False
2025-03-13 16:56:17,675 - ui.password_manager.ui_table.table_password - INFO - 根据位置判断第11行是否为新行: False
2025-03-13 16:56:17,676 - ui.password_manager.ui_table.table_password - INFO - 根据位置判断第12行是否为新行: False
2025-03-13 16:56:17,676 - ui.password_manager.ui_table.table_password - INFO - 根据位置判断第13行是否为新行: False
2025-03-13 16:56:17,677 - ui.password_manager.ui_table.table_password - INFO - 根据位置判断第14行是否为新行: False
2025-03-13 16:56:17,677 - ui.password_manager.ui_table.table_password - INFO - 根据位置判断第15行是否为新行: False
2025-03-13 16:56:17,678 - ui.password_manager.ui_table.table_password - INFO - 根据位置判断第16行是否为新行: False
2025-03-13 16:56:17,679 - ui.password_manager.ui_table.table_password - INFO - 根据位置判断第17行是否为新行: False
2025-03-13 16:56:17,679 - ui.password_manager.ui_table.table_password - INFO - 根据位置判断第18行是否为新行: False
2025-03-13 16:56:17,680 - ui.password_manager.ui_table.table_password - INFO - 根据位置判断第19行是否为新行: False
2025-03-13 16:56:17,680 - ui.password_manager.ui_table.table_password - INFO - 根据位置判断第20行是否为新行: True
2025-03-13 16:56:17,681 - ui.password_manager.ui_table.table_password - INFO - 跳过第20行的SSH更新检查 (新添加的行)
2025-03-13 16:56:17,681 - ui.password_manager.ui_table.table_password - INFO - 根据位置判断第21行是否为新行: False
2025-03-13 16:56:17,682 - ui.password_manager.ui_table.table_password - INFO - 没有找到需要SSH更新的密码
2025-03-13 16:56:17,682 - password - INFO - 调试信息 - update_password被调用，skip_server_sync参数值为: False，类型: <class 'bool'>
2025-03-13 16:56:17,683 - password - INFO - 更新密码记录 - 所有者: 徐国明, 索引: 5, 项目: Jenkins, 跳过服务器同步: 否
2025-03-13 16:56:17,683 - password - INFO - 需要SSH更新密码 - 项目: Jenkins, IP: 237.111.92.19, 用户: operator97
2025-03-13 16:56:17,684 - password - INFO - 尝试更新服务器密码 - 项目: Jenkins, IP: 237.111.92.19, 用户: operator97
2025-03-13 16:56:17,690 - password - INFO - SSH密码更新操作已记录到日志文件: logs\ssh_operations.log
2025-03-13 16:56:17,693 - password - INFO - 更新所有者 徐国明 的密码记录成功
2025-03-13 16:56:17,694 - password - WARNING - 服务器密码更新失败，但本地密码已更新：连接或命令执行失败: [WinError 10049] 在其上下文中，该请求的地址无效。
2025-03-13 16:56:17,697 - ui.password_manager.ui_table.table_edit - INFO - 成功确认编辑 - 第6行: Jenkins
2025-03-13 16:58:13,919 - root - INFO - 密码管理系统启动
2025-03-13 16:58:16,030 - user - INFO - 用户已登出
2025-03-13 16:59:00,361 - root - INFO - 密码管理系统启动
2025-03-13 16:59:01,822 - user - INFO - 用户 admin 登录成功
2025-03-13 16:59:01,822 - login_ui - INFO - 用户 admin 登录成功
2025-03-13 16:59:01,823 - root - INFO - 用户 admin 登录成功，准备打开密码管理界面
2025-03-13 16:59:02,549 - ui.password_manager.ui_table.table_events - INFO - 右键菜单 - 当前行: 7, 当前列: 3, 选中行数: 1, 选中行: [7]
2025-03-13 16:59:02,549 - ui.password_manager.ui_table.table_events - INFO - 选中的密码单元格数量: 0
2025-03-13 16:59:02,550 - ui.password_manager.ui_table.table_events - INFO - 准备添加'添加行'子菜单
2025-03-13 16:59:02,550 - ui.password_manager.ui_table.table_events - INFO - 已添加'添加行'子菜单，包含上方、下方和末尾三个选项
2025-03-13 16:59:04,055 - ui.password_manager.ui_table.table_events - INFO - 尝试在行7（上方）添加新行
2025-03-13 16:59:04,069 - ui.password_manager.ui_table.table_events - INFO - 成功在行7（上方）添加新行，新行索引: 7
2025-03-13 16:59:15,544 - ui.password_manager.ui_table.table_edit - INFO - 开始确认编辑 - 第7行: Jenkins
2025-03-13 16:59:15,545 - ui.password_manager.ui_table.table_edit - INFO - 根据位置判断第7行是否为新行: False
2025-03-13 16:59:15,545 - ui.password_manager.ui_table.table_edit - INFO - 检查是否有需要SSH更新的密码
2025-03-13 16:59:15,545 - ui.password_manager.ui_table.table_password - INFO - 根据位置判断第1行是否为新行: False
2025-03-13 16:59:15,546 - ui.password_manager.ui_table.table_password - INFO - 根据位置判断第2行是否为新行: False
2025-03-13 16:59:15,546 - ui.password_manager.ui_table.table_password - INFO - 根据位置判断第3行是否为新行: False
2025-03-13 16:59:15,546 - ui.password_manager.ui_table.table_password - INFO - 根据位置判断第4行是否为新行: False
2025-03-13 16:59:15,547 - ui.password_manager.ui_table.table_password - INFO - 根据位置判断第5行是否为新行: False
2025-03-13 16:59:15,547 - ui.password_manager.ui_table.table_password - INFO - 根据位置判断第6行是否为新行: False
2025-03-13 16:59:15,548 - ui.password_manager.ui_table.table_password - INFO - 根据位置判断第7行是否为新行: False
2025-03-13 16:59:15,548 - ui.password_manager.ui_table.table_password - INFO - 根据位置判断第8行是否为新行: False
2025-03-13 16:59:15,548 - ui.password_manager.ui_table.table_password - INFO - 根据位置判断第9行是否为新行: False
2025-03-13 16:59:15,549 - ui.password_manager.ui_table.table_password - INFO - 根据位置判断第10行是否为新行: False
2025-03-13 16:59:15,549 - ui.password_manager.ui_table.table_password - INFO - 根据位置判断第11行是否为新行: False
2025-03-13 16:59:15,549 - ui.password_manager.ui_table.table_password - INFO - 根据位置判断第12行是否为新行: False
2025-03-13 16:59:15,550 - ui.password_manager.ui_table.table_password - INFO - 根据位置判断第13行是否为新行: False
2025-03-13 16:59:15,550 - ui.password_manager.ui_table.table_password - INFO - 根据位置判断第14行是否为新行: False
2025-03-13 16:59:15,551 - ui.password_manager.ui_table.table_password - INFO - 根据位置判断第15行是否为新行: False
2025-03-13 16:59:15,551 - ui.password_manager.ui_table.table_password - INFO - 根据位置判断第16行是否为新行: False
2025-03-13 16:59:15,551 - ui.password_manager.ui_table.table_password - INFO - 根据位置判断第17行是否为新行: False
2025-03-13 16:59:15,552 - ui.password_manager.ui_table.table_password - INFO - 根据位置判断第18行是否为新行: False
2025-03-13 16:59:15,552 - ui.password_manager.ui_table.table_password - INFO - 根据位置判断第19行是否为新行: False
2025-03-13 16:59:15,553 - ui.password_manager.ui_table.table_password - INFO - 根据位置判断第20行是否为新行: True
2025-03-13 16:59:15,553 - ui.password_manager.ui_table.table_password - INFO - 跳过第20行的SSH更新检查 (新添加的行)
2025-03-13 16:59:15,554 - ui.password_manager.ui_table.table_password - INFO - 根据位置判断第21行是否为新行: False
2025-03-13 16:59:15,554 - ui.password_manager.ui_table.table_password - INFO - 没有找到需要SSH更新的密码
2025-03-13 16:59:15,555 - password - INFO - 调试信息 - update_password被调用，skip_server_sync参数值为: False，类型: <class 'bool'>
2025-03-13 16:59:15,555 - password - INFO - 更新密码记录 - 所有者: 徐国明, 索引: 6, 项目: Jenkins, 跳过服务器同步: 否
2025-03-13 16:59:15,556 - password - INFO - 需要SSH更新密码 - 项目: Jenkins, IP: 237.111.92.12, 用户: operator97
2025-03-13 16:59:15,556 - password - INFO - 尝试更新服务器密码 - 项目: Jenkins, IP: 237.111.92.12, 用户: operator97
2025-03-13 16:59:15,562 - password - INFO - SSH密码更新操作已记录到日志文件: logs\ssh_operations.log
2025-03-13 16:59:15,564 - password - INFO - 更新所有者 徐国明 的密码记录成功
2025-03-13 16:59:15,565 - password - WARNING - 服务器密码更新失败，但本地密码已更新：连接或命令执行失败: [WinError 10049] 在其上下文中，该请求的地址无效。
2025-03-13 16:59:15,567 - ui.password_manager.ui_table.table_edit - INFO - 成功确认编辑 - 第7行: Jenkins
2025-03-13 17:00:10,148 - root - INFO - 密码管理系统启动
2025-03-13 17:00:11,449 - user - INFO - 用户已登出
2025-03-13 17:00:12,293 - user - INFO - 用户 admin 登录成功
2025-03-13 17:00:12,294 - login_ui - INFO - 用户 admin 登录成功
2025-03-13 17:00:12,295 - root - INFO - 用户 admin 登录成功，准备打开密码管理界面
2025-03-13 17:00:15,005 - ui.password_manager.ui_table.table_events - INFO - 右键菜单 - 当前行: 8, 当前列: 1, 选中行数: 1, 选中行: [8]
2025-03-13 17:00:15,006 - ui.password_manager.ui_table.table_events - INFO - 选中的密码单元格数量: 0
2025-03-13 17:00:15,006 - ui.password_manager.ui_table.table_events - INFO - 准备添加'添加行'子菜单
2025-03-13 17:00:15,007 - ui.password_manager.ui_table.table_events - INFO - 已添加'添加行'子菜单，包含上方、下方和末尾三个选项
2025-03-13 17:00:16,847 - ui.password_manager.ui_table.table_events - INFO - 尝试在行8（上方）添加新行
2025-03-13 17:00:16,847 - ui.password_manager.ui_table.table_edit - INFO - 开始在位置 7 添加新行
2025-03-13 17:00:16,862 - ui.password_manager.ui_table.table_events - INFO - 成功在行8（上方）添加新行，新行索引: 8
2025-03-13 17:00:25,551 - ui.password_manager.ui_table.table_edit - INFO - 开始确认编辑 - 第8行: Jenkins
2025-03-13 17:00:25,551 - ui.password_manager.ui_table.table_edit - INFO - 根据位置判断第8行是否为新行: False
2025-03-13 17:00:25,552 - ui.password_manager.ui_table.table_edit - INFO - 检查是否有需要SSH更新的密码
2025-03-13 17:00:25,552 - ui.password_manager.ui_table.table_password - INFO - 根据位置判断第1行是否为新行: False
2025-03-13 17:00:25,552 - ui.password_manager.ui_table.table_password - INFO - 根据位置判断第2行是否为新行: False
2025-03-13 17:00:25,553 - ui.password_manager.ui_table.table_password - INFO - 根据位置判断第3行是否为新行: False
2025-03-13 17:00:25,553 - ui.password_manager.ui_table.table_password - INFO - 根据位置判断第4行是否为新行: False
2025-03-13 17:00:25,554 - ui.password_manager.ui_table.table_password - INFO - 根据位置判断第5行是否为新行: False
2025-03-13 17:00:25,554 - ui.password_manager.ui_table.table_password - INFO - 根据位置判断第6行是否为新行: False
2025-03-13 17:00:25,554 - ui.password_manager.ui_table.table_password - INFO - 根据位置判断第7行是否为新行: False
2025-03-13 17:00:25,555 - ui.password_manager.ui_table.table_password - INFO - 根据位置判断第8行是否为新行: False
2025-03-13 17:00:25,555 - ui.password_manager.ui_table.table_password - INFO - 根据位置判断第9行是否为新行: False
2025-03-13 17:00:25,556 - ui.password_manager.ui_table.table_password - INFO - 根据位置判断第10行是否为新行: False
2025-03-13 17:00:25,556 - ui.password_manager.ui_table.table_password - INFO - 根据位置判断第11行是否为新行: False
2025-03-13 17:00:25,556 - ui.password_manager.ui_table.table_password - INFO - 根据位置判断第12行是否为新行: False
2025-03-13 17:00:25,557 - ui.password_manager.ui_table.table_password - INFO - 根据位置判断第13行是否为新行: False
2025-03-13 17:00:25,557 - ui.password_manager.ui_table.table_password - INFO - 根据位置判断第14行是否为新行: False
2025-03-13 17:00:25,558 - ui.password_manager.ui_table.table_password - INFO - 根据位置判断第15行是否为新行: False
2025-03-13 17:00:25,558 - ui.password_manager.ui_table.table_password - INFO - 根据位置判断第16行是否为新行: False
2025-03-13 17:00:25,558 - ui.password_manager.ui_table.table_password - INFO - 根据位置判断第17行是否为新行: False
2025-03-13 17:00:25,559 - ui.password_manager.ui_table.table_password - INFO - 根据位置判断第18行是否为新行: False
2025-03-13 17:00:25,559 - ui.password_manager.ui_table.table_password - INFO - 根据位置判断第19行是否为新行: False
2025-03-13 17:00:25,559 - ui.password_manager.ui_table.table_password - INFO - 根据位置判断第20行是否为新行: True
2025-03-13 17:00:25,560 - ui.password_manager.ui_table.table_password - INFO - 跳过第20行的SSH更新检查 (新添加的行)
2025-03-13 17:00:25,560 - ui.password_manager.ui_table.table_password - INFO - 根据位置判断第21行是否为新行: False
2025-03-13 17:00:25,561 - ui.password_manager.ui_table.table_password - INFO - 没有找到需要SSH更新的密码
2025-03-13 17:00:25,562 - password - INFO - 调试信息 - update_password被调用，skip_server_sync参数值为: False，类型: <class 'bool'>
2025-03-13 17:00:25,562 - password - INFO - 更新密码记录 - 所有者: 徐国明, 索引: 7, 项目: Jenkins, 跳过服务器同步: 否
2025-03-13 17:00:25,563 - password - INFO - 需要SSH更新密码 - 项目: Jenkins, IP: 237.111.92.13, 用户: operator97
2025-03-13 17:00:25,563 - password - INFO - 尝试更新服务器密码 - 项目: Jenkins, IP: 237.111.92.13, 用户: operator97
2025-03-13 17:00:25,569 - password - INFO - SSH密码更新操作已记录到日志文件: logs\ssh_operations.log
2025-03-13 17:00:25,571 - password - INFO - 更新所有者 徐国明 的密码记录成功
2025-03-13 17:00:25,571 - password - WARNING - 服务器密码更新失败，但本地密码已更新：连接或命令执行失败: [WinError 10049] 在其上下文中，该请求的地址无效。
2025-03-13 17:00:25,574 - ui.password_manager.ui_table.table_edit - INFO - 成功确认编辑 - 第8行: Jenkins
2025-03-13 17:00:30,350 - user - INFO - 用户已登出
2025-03-13 17:02:53,807 - root - INFO - 密码管理系统启动
2025-03-13 17:02:55,230 - user - INFO - 用户 admin 登录成功
2025-03-13 17:02:55,230 - login_ui - INFO - 用户 admin 登录成功
2025-03-13 17:02:55,232 - root - INFO - 用户 admin 登录成功，准备打开密码管理界面
2025-03-13 17:02:58,092 - ui.password_manager.ui_table.table_events - INFO - 右键菜单 - 当前行: 8, 当前列: 1, 选中行数: 1, 选中行: [8]
2025-03-13 17:02:58,092 - ui.password_manager.ui_table.table_events - INFO - 选中的密码单元格数量: 0
2025-03-13 17:02:58,093 - ui.password_manager.ui_table.table_events - INFO - 准备添加'添加行'子菜单
2025-03-13 17:02:58,093 - ui.password_manager.ui_table.table_events - INFO - 已添加'添加行'子菜单，包含上方、下方和末尾三个选项
2025-03-13 17:02:59,392 - ui.password_manager.ui_table.table_events - INFO - 尝试在行9（下方）添加新行
2025-03-13 17:02:59,392 - ui.password_manager.ui_table.table_edit - INFO - 开始在位置 8 添加新行
2025-03-13 17:02:59,397 - ui.password_manager.ui_table.table_edit - INFO - 在第9行第1列设置了新行标记
2025-03-13 17:02:59,407 - ui.password_manager.ui_table.table_events - INFO - 成功在行9（下方）添加新行，新行索引: 9
2025-03-13 17:03:09,820 - ui.password_manager.ui_table.table_edit - INFO - 开始确认编辑 - 第9行: Jenkins
2025-03-13 17:03:09,820 - ui.password_manager.ui_table.table_edit - INFO - 根据存储的标记判断第9行是新添加的行
2025-03-13 17:03:09,821 - ui.password_manager.ui_table.table_edit - INFO - 检测到新添加的行，将跳过SSH密码更新步骤
2025-03-13 17:03:09,821 - ui.password_manager.ui_table.table_edit - INFO - 检测到新添加的行，使用add_password方法直接添加
2025-03-13 17:03:09,823 - password - INFO - 为所有者 徐国明 添加密码记录成功
2025-03-13 17:03:09,825 - ui.password_manager.ui_table.table_edit - INFO - 成功确认编辑 - 第9行: Jenkins
2025-03-13 17:03:42,454 - ui.password_manager.ui_table.table_events - INFO - 右键菜单 - 当前行: 14, 当前列: 1, 选中行数: 1, 选中行: [14]
2025-03-13 17:03:42,454 - ui.password_manager.ui_table.table_events - INFO - 选中的密码单元格数量: 0
2025-03-13 17:03:42,455 - ui.password_manager.ui_table.table_events - INFO - 准备添加'添加行'子菜单
2025-03-13 17:03:42,455 - ui.password_manager.ui_table.table_events - INFO - 已添加'添加行'子菜单，包含上方、下方和末尾三个选项
2025-03-13 17:03:44,221 - ui.password_manager.ui_table.table_events - INFO - 尝试在行22（末尾）添加新行
2025-03-13 17:03:44,221 - ui.password_manager.ui_table.table_edit - INFO - 开始在位置 21 添加新行
2025-03-13 17:03:44,224 - ui.password_manager.ui_table.table_edit - INFO - 在第22行第1列设置了新行标记
2025-03-13 17:03:44,228 - ui.password_manager.ui_table.table_events - INFO - 成功在行22（末尾）添加新行，新行索引: 22
2025-03-13 17:04:05,365 - ui.password_manager.ui_table.table_edit - INFO - 开始确认编辑 - 第22行: Jenkins
2025-03-13 17:04:05,366 - ui.password_manager.ui_table.table_edit - INFO - 根据存储的标记判断第22行是新添加的行
2025-03-13 17:04:05,366 - ui.password_manager.ui_table.table_edit - INFO - 检测到新添加的行，将跳过SSH密码更新步骤
2025-03-13 17:04:05,366 - ui.password_manager.ui_table.table_edit - INFO - 检测到新添加的行，使用add_password方法直接添加
2025-03-13 17:04:05,368 - password - INFO - 为所有者 徐国明 添加密码记录成功
2025-03-13 17:04:05,370 - ui.password_manager.ui_table.table_edit - INFO - 成功确认编辑 - 第22行: Jenkins
2025-03-13 17:04:27,883 - ui.password_manager.ui_table.table_events - INFO - 右键菜单 - 当前行: 7, 当前列: 1, 选中行数: 5, 选中行: [6, 7, 8, 21, 22]
2025-03-13 17:04:27,884 - ui.password_manager.ui_table.table_events - INFO - 选中的密码单元格数量: 5
2025-03-13 17:04:27,885 - ui.password_manager.ui_table.table_events - INFO - 准备添加'添加行'子菜单
2025-03-13 17:04:27,885 - ui.password_manager.ui_table.table_events - INFO - 已添加'添加行'子菜单，包含上方、下方和末尾三个选项
2025-03-13 17:04:29,570 - password - INFO - 删除所有者 徐国明 的密码记录成功
2025-03-13 17:04:29,571 - password - INFO - 删除所有者 徐国明 的密码记录成功
2025-03-13 17:04:29,573 - password - INFO - 删除所有者 徐国明 的密码记录成功
2025-03-13 17:04:29,574 - password - INFO - 删除所有者 徐国明 的密码记录成功
2025-03-13 17:04:29,575 - password - INFO - 删除所有者 徐国明 的密码记录成功
2025-03-13 17:05:02,331 - ui.password_manager.ui_table.table_events - INFO - 右键菜单 - 当前行: 15, 当前列: 1, 选中行数: 3, 选中行: [14, 15, 16]
2025-03-13 17:05:02,332 - ui.password_manager.ui_table.table_events - INFO - 选中的密码单元格数量: 3
2025-03-13 17:05:02,333 - ui.password_manager.ui_table.table_events - INFO - 准备添加'添加行'子菜单
2025-03-13 17:05:02,333 - ui.password_manager.ui_table.table_events - INFO - 已添加'添加行'子菜单，包含上方、下方和末尾三个选项
2025-03-13 17:06:43,700 - user - INFO - 用户已登出
2025-03-13 17:06:45,745 - root - INFO - 密码管理系统启动
2025-03-13 17:06:47,259 - user - INFO - 用户 admin 登录成功
2025-03-13 17:06:47,260 - login_ui - INFO - 用户 admin 登录成功
2025-03-13 17:06:47,260 - root - INFO - 用户 admin 登录成功，准备打开密码管理界面
2025-03-13 17:06:48,563 - ui.password_manager.ui_table.table_events - INFO - 右键菜单 - 当前行: 7, 当前列: 5, 选中行数: 1, 选中行: [7]
2025-03-13 17:06:48,564 - ui.password_manager.ui_table.table_events - INFO - 选中的密码单元格数量: 1
2025-03-13 17:06:48,564 - ui.password_manager.ui_table.table_events - INFO - 准备添加'添加行'子菜单 (选中行数: 1)
2025-03-13 17:06:48,565 - ui.password_manager.ui_table.table_events - INFO - 已添加'添加行'子菜单，包含上方、下方和末尾三个选项
2025-03-13 17:06:50,931 - ui.password_manager.ui_table.table_events - INFO - 右键菜单 - 当前行: 10, 当前列: 2, 选中行数: 4, 选中行: [9, 10, 11, 8]
2025-03-13 17:06:50,932 - ui.password_manager.ui_table.table_events - INFO - 选中的密码单元格数量: 0
2025-03-13 17:06:57,419 - ui.password_manager.ui_table.table_events - INFO - 右键菜单 - 当前行: 7, 当前列: 1, 选中行数: 3, 选中行: [6, 7, 8]
2025-03-13 17:06:57,419 - ui.password_manager.ui_table.table_events - INFO - 选中的密码单元格数量: 0
2025-03-13 17:07:05,075 - ui.password_manager.ui_table.table_events - INFO - 右键菜单 - 当前行: 8, 当前列: 1, 选中行数: 3, 选中行: [9, 7, 8]
2025-03-13 17:07:05,075 - ui.password_manager.ui_table.table_events - INFO - 选中的密码单元格数量: 3
2025-03-13 17:07:19,596 - ui.password_manager.ui_table.table_events - INFO - 右键菜单 - 当前行: 6, 当前列: 5, 选中行数: 1, 选中行: [6]
2025-03-13 17:07:19,596 - ui.password_manager.ui_table.table_events - INFO - 选中的密码单元格数量: 1
2025-03-13 17:07:19,597 - ui.password_manager.ui_table.table_events - INFO - 准备添加'添加行'子菜单 (选中行数: 1)
2025-03-13 17:07:19,597 - ui.password_manager.ui_table.table_events - INFO - 已添加'添加行'子菜单，包含上方、下方和末尾三个选项
2025-03-13 17:07:20,666 - ui.password_manager.ui_table.table_events - INFO - 右键菜单 - 当前行: 5, 当前列: 4, 选中行数: 1, 选中行: [5]
2025-03-13 17:07:20,667 - ui.password_manager.ui_table.table_events - INFO - 选中的密码单元格数量: 0
2025-03-13 17:07:20,668 - ui.password_manager.ui_table.table_events - INFO - 准备添加'添加行'子菜单 (选中行数: 1)
2025-03-13 17:07:20,669 - ui.password_manager.ui_table.table_events - INFO - 已添加'添加行'子菜单，包含上方、下方和末尾三个选项
2025-03-13 17:07:23,187 - ui.password_manager.ui_table.table_events - INFO - 右键菜单 - 当前行: 9, 当前列: 1, 选中行数: 1, 选中行: [9]
2025-03-13 17:07:23,188 - ui.password_manager.ui_table.table_events - INFO - 选中的密码单元格数量: 0
2025-03-13 17:07:23,188 - ui.password_manager.ui_table.table_events - INFO - 准备添加'添加行'子菜单 (选中行数: 1)
2025-03-13 17:07:23,188 - ui.password_manager.ui_table.table_events - INFO - 已添加'添加行'子菜单，包含上方、下方和末尾三个选项
2025-03-13 17:07:24,773 - ui.password_manager.ui_table.table_events - INFO - 尝试在行10（下方）添加新行
2025-03-13 17:07:24,774 - ui.password_manager.ui_table.table_edit - INFO - 开始在位置 9 添加新行
2025-03-13 17:07:24,778 - ui.password_manager.ui_table.table_edit - INFO - 在第10行第1列设置了新行标记
2025-03-13 17:07:24,787 - ui.password_manager.ui_table.table_events - INFO - 成功在行10（下方）添加新行，新行索引: 10
2025-03-13 17:07:35,535 - ui.password_manager.ui_table.table_edit - INFO - 开始确认编辑 - 第10行: Docker
2025-03-13 17:07:35,536 - ui.password_manager.ui_table.table_edit - INFO - 根据存储的标记判断第10行是新添加的行
2025-03-13 17:07:35,536 - ui.password_manager.ui_table.table_edit - INFO - 检测到新添加的行，将跳过SSH密码更新步骤
2025-03-13 17:07:35,536 - ui.password_manager.ui_table.table_edit - INFO - 检测到新添加的行，使用add_password方法直接添加
2025-03-13 17:07:35,538 - password - INFO - 为所有者 徐国明 添加密码记录成功
2025-03-13 17:07:35,540 - ui.password_manager.ui_table.table_edit - INFO - 成功确认编辑 - 第10行: Docker
2025-03-13 17:08:05,588 - ui.password_manager.ui_table.table_events - INFO - 右键菜单 - 当前行: 6, 当前列: 1, 选中行数: 1, 选中行: [6]
2025-03-13 17:08:05,589 - ui.password_manager.ui_table.table_events - INFO - 选中的密码单元格数量: 0
2025-03-13 17:08:05,589 - ui.password_manager.ui_table.table_events - INFO - 准备添加'添加行'子菜单 (选中行数: 1)
2025-03-13 17:08:05,590 - ui.password_manager.ui_table.table_events - INFO - 已添加'添加行'子菜单，包含上方、下方和末尾三个选项
2025-03-13 17:08:08,598 - ui.password_manager.ui_table.table_events - INFO - 尝试在行7（下方）添加新行
2025-03-13 17:08:08,598 - ui.password_manager.ui_table.table_edit - INFO - 开始在位置 6 添加新行
2025-03-13 17:08:08,602 - ui.password_manager.ui_table.table_edit - INFO - 在第7行第1列设置了新行标记
2025-03-13 17:08:08,606 - ui.password_manager.ui_table.table_events - INFO - 成功在行7（下方）添加新行，新行索引: 7
2025-03-13 17:08:16,629 - ui.password_manager.ui_table.table_edit - INFO - 开始确认编辑 - 第7行: ERP系统
2025-03-13 17:08:16,630 - ui.password_manager.ui_table.table_edit - INFO - 根据存储的标记判断第7行是新添加的行
2025-03-13 17:08:16,630 - ui.password_manager.ui_table.table_edit - INFO - 检测到新添加的行，将跳过SSH密码更新步骤
2025-03-13 17:08:16,630 - ui.password_manager.ui_table.table_edit - INFO - 检测到新添加的行，使用add_password方法直接添加
2025-03-13 17:08:16,632 - password - INFO - 为所有者 徐国明 添加密码记录成功
2025-03-13 17:08:16,634 - ui.password_manager.ui_table.table_edit - INFO - 成功确认编辑 - 第7行: ERP系统
2025-03-13 17:09:50,527 - user - INFO - 用户已登出
2025-03-13 17:09:52,721 - root - INFO - 密码管理系统启动
2025-03-13 17:09:54,144 - user - INFO - 用户 admin 登录成功
2025-03-13 17:09:54,144 - login_ui - INFO - 用户 admin 登录成功
2025-03-13 17:09:54,145 - root - INFO - 用户 admin 登录成功，准备打开密码管理界面
2025-03-13 17:09:55,357 - ui.password_manager.ui_table.table_events - INFO - 右键菜单 - 当前行: 6, 当前列: 4, 选中行数: 1, 选中行: [6]
2025-03-13 17:09:55,358 - ui.password_manager.ui_table.table_events - INFO - 选中的密码单元格数量: 0
2025-03-13 17:09:55,358 - ui.password_manager.ui_table.table_events - INFO - 准备添加'添加行'子菜单 (选中行数: 1)
2025-03-13 17:09:55,359 - ui.password_manager.ui_table.table_events - INFO - 已添加'添加行'子菜单，包含上方、下方和末尾三个选项
2025-03-13 17:09:56,694 - ui.password_manager.ui_table.table_events - INFO - 尝试在行7（下方）添加新行 [添加方式: 下方]
2025-03-13 17:09:56,694 - ui.password_manager.ui_table.table_edit - INFO - 开始在位置 6 添加新行
2025-03-13 17:09:56,698 - ui.password_manager.ui_table.table_edit - INFO - 在第7行第1列设置了新行标记
2025-03-13 17:09:56,706 - ui.password_manager.ui_table.table_events - INFO - 成功在行7（下方）添加新行，新行索引: 7 [添加方式: 下方]
2025-03-13 17:10:06,053 - ui.password_manager.ui_table.table_edit - INFO - 开始确认编辑 - 第7行: ERP系统
2025-03-13 17:10:06,054 - ui.password_manager.ui_table.table_edit - INFO - 根据存储的标记判断第7行是新添加的行
2025-03-13 17:10:06,054 - ui.password_manager.ui_table.table_edit - INFO - 检测到新添加的行，将跳过SSH密码更新步骤
2025-03-13 17:10:06,054 - ui.password_manager.ui_table.table_edit - INFO - 检测到新添加的行，使用add_password方法直接添加
2025-03-13 17:10:06,056 - password - INFO - 为所有者 徐国明 添加密码记录成功
2025-03-13 17:10:06,056 - ui.password_manager.ui_table.table_data - INFO - 保持插入位置: 7
2025-03-13 17:10:06,058 - ui.password_manager.ui_table.table_edit - INFO - 成功确认编辑 - 第7行: ERP系统
2025-03-13 17:10:14,994 - ui.password_manager.ui_table.table_events - INFO - 右键菜单 - 当前行: 8, 当前列: 5, 选中行数: 1, 选中行: [8]
2025-03-13 17:10:14,994 - ui.password_manager.ui_table.table_events - INFO - 选中的密码单元格数量: 1
2025-03-13 17:10:14,995 - ui.password_manager.ui_table.table_events - INFO - 准备添加'添加行'子菜单 (选中行数: 1)
2025-03-13 17:10:14,995 - ui.password_manager.ui_table.table_events - INFO - 已添加'添加行'子菜单，包含上方、下方和末尾三个选项
2025-03-13 17:10:15,922 - ui.password_manager.ui_table.table_events - INFO - 右键菜单 - 当前行: 10, 当前列: 5, 选中行数: 1, 选中行: [10]
2025-03-13 17:10:15,923 - ui.password_manager.ui_table.table_events - INFO - 选中的密码单元格数量: 1
2025-03-13 17:10:15,923 - ui.password_manager.ui_table.table_events - INFO - 准备添加'添加行'子菜单 (选中行数: 1)
2025-03-13 17:10:15,924 - ui.password_manager.ui_table.table_events - INFO - 已添加'添加行'子菜单，包含上方、下方和末尾三个选项
2025-03-13 17:10:17,828 - ui.password_manager.ui_table.table_password - INFO - 随机密码生成: 根据位置判断第10行是否为新行: False
2025-03-13 17:10:17,829 - ui.password_manager.ui_table.table_password - INFO - 已为第10行生成8位随机密码 (服务器密码，需要SSH更新)
2025-03-13 17:10:17,829 - ui.password_manager.ui_table.table_password - INFO - 生成密码后一次性进入编辑模式 - 共 1 行
2025-03-13 17:10:17,830 - ui.password_manager.ui_table.table_password - INFO - 已为1个密码单元格生成8位随机密码
2025-03-13 17:10:20,427 - ui.password_manager.ui_table.table_edit - INFO - 开始确认编辑 - 第10行: Docker
2025-03-13 17:10:20,427 - ui.password_manager.ui_table.table_edit - INFO - 批量编辑模式 - 一次性确认所有修改
2025-03-13 17:10:20,427 - ui.password_manager.ui_table.table_edit - WARNING - 批量编辑功能已被简化
2025-03-13 17:10:25,047 - ui.password_manager.ui_table.table_edit - INFO - 取消编辑 - 第10行: Docker
2025-03-13 17:10:25,048 - ui.password_manager.ui_table.table_edit - INFO - 取消批量编辑 - 共1行
2025-03-13 17:10:25,048 - ui.password_manager.ui_table.table_edit - INFO - 取消批量编辑项目: Docker
2025-03-13 17:10:25,054 - ui.password_manager.ui_table.table_edit - INFO - 取消编辑完成，已恢复原始数据
2025-03-13 17:10:26,746 - ui.password_manager.ui_table.table_events - INFO - 右键菜单 - 当前行: 11, 当前列: 5, 选中行数: 3, 选中行: [10, 11, 12]
2025-03-13 17:10:26,747 - ui.password_manager.ui_table.table_events - INFO - 选中的密码单元格数量: 3
2025-03-13 17:10:30,106 - ui.password_manager.ui_table.table_events - INFO - 右键菜单 - 当前行: 11, 当前列: 5, 选中行数: 3, 选中行: [10, 11, 12]
2025-03-13 17:10:30,107 - ui.password_manager.ui_table.table_events - INFO - 选中的密码单元格数量: 3
2025-03-13 17:10:32,716 - ui.password_manager.ui_table.table_events - INFO - 右键菜单 - 当前行: 11, 当前列: 5, 选中行数: 3, 选中行: [10, 11, 12]
2025-03-13 17:10:32,716 - ui.password_manager.ui_table.table_events - INFO - 选中的密码单元格数量: 3
2025-03-13 17:15:23,856 - root - INFO - 密码管理系统启动
2025-03-13 17:15:25,956 - user - INFO - 用户已登出
2025-03-13 17:15:26,980 - user - INFO - 用户 admin 登录成功
2025-03-13 17:15:26,980 - login_ui - INFO - 用户 admin 登录成功
2025-03-13 17:15:26,981 - root - INFO - 用户 admin 登录成功，准备打开密码管理界面
2025-03-13 17:15:29,154 - ui.password_manager.ui_table.table_events - INFO - 右键菜单 - 当前行: 7, 当前列: 2, 选中行数: 1, 选中行: [7]
2025-03-13 17:15:29,155 - ui.password_manager.ui_table.table_events - INFO - 选中的密码单元格数量: 0
2025-03-13 17:15:29,155 - ui.password_manager.ui_table.table_events - INFO - 准备添加'添加行'子菜单 (选中行数: 1)
2025-03-13 17:15:29,156 - ui.password_manager.ui_table.table_events - INFO - 已添加'添加行'子菜单，包含上方、下方和末尾三个选项
2025-03-13 17:15:38,386 - ui.password_manager.ui_table.table_events - INFO - 右键菜单 - 当前行: 6, 当前列: 5, 选中行数: 1, 选中行: [6]
2025-03-13 17:15:38,387 - ui.password_manager.ui_table.table_events - INFO - 选中的密码单元格数量: 1
2025-03-13 17:15:38,387 - ui.password_manager.ui_table.table_events - INFO - 准备添加'添加行'子菜单 (选中行数: 1)
2025-03-13 17:15:38,388 - ui.password_manager.ui_table.table_events - INFO - 已添加'添加行'子菜单，包含上方、下方和末尾三个选项
2025-03-13 17:15:43,086 - ui.password_manager.ui_table.table_password - INFO - 随机密码生成: 根据位置判断第6行是否为新行: False
2025-03-13 17:15:43,086 - ui.password_manager.ui_table.table_password - INFO - 已为第6行生成16位随机密码 (服务器密码，需要SSH更新)
2025-03-13 17:15:43,087 - ui.password_manager.ui_table.table_password - INFO - 生成密码后一次性进入编辑模式 - 共 1 行
2025-03-13 17:15:43,093 - ui.password_manager.ui_table.table_password - INFO - 已为1个密码单元格生成16位随机密码
2025-03-13 17:15:44,235 - ui.password_manager.ui_table.table_edit - INFO - 开始确认编辑 - 第6行: ERP系统
2025-03-13 17:15:44,235 - ui.password_manager.ui_table.table_edit - INFO - 批量编辑模式 - 一次性确认所有修改
2025-03-13 17:15:44,236 - ui.password_manager.ui_table.table_edit - WARNING - 批量编辑功能已被简化
2025-03-13 17:15:45,825 - ui.password_manager.ui_table.table_edit - INFO - 取消编辑 - 第6行: ERP系统
2025-03-13 17:15:45,825 - ui.password_manager.ui_table.table_edit - INFO - 取消批量编辑 - 共1行
2025-03-13 17:15:45,825 - ui.password_manager.ui_table.table_edit - INFO - 取消批量编辑项目: ERP系统
2025-03-13 17:15:45,830 - ui.password_manager.ui_table.table_edit - INFO - 取消编辑完成，已恢复原始数据
2025-03-13 17:15:46,484 - ui.password_manager.ui_table.table_events - INFO - 右键菜单 - 当前行: 7, 当前列: 5, 选中行数: 1, 选中行: [7]
2025-03-13 17:15:46,484 - ui.password_manager.ui_table.table_events - INFO - 选中的密码单元格数量: 1
2025-03-13 17:15:46,485 - ui.password_manager.ui_table.table_events - INFO - 准备添加'添加行'子菜单 (选中行数: 1)
2025-03-13 17:15:46,486 - ui.password_manager.ui_table.table_events - INFO - 已添加'添加行'子菜单，包含上方、下方和末尾三个选项
2025-03-13 17:16:04,348 - ui.password_manager.ui_table.table_password - INFO - 开始更新1个服务器的密码
2025-03-13 17:16:04,348 - ui.password_manager.ui_table.table_password - INFO - 开始更新服务器密码 - 行: 7, 项目: SQL Server, IP: 197.194.24.24, 用户: pilzbb
2025-03-13 17:16:14,353 - ui.password_manager.ui_table.table_password - WARNING - 更新服务器 197.194.24.24 上用户 pilzbb 的密码失败: 连接或命令执行失败: timed out
2025-03-13 17:16:14,353 - ui.password_manager.ui_table.table_password - WARNING - SSH密码更新结果: 失败 1/1 个
2025-03-13 17:16:21,866 - ui.password_manager.ui_table.table_events - INFO - 右键菜单 - 当前行: 2, 当前列: 5, 选中行数: 2, 选中行: [1, 2]
2025-03-13 17:16:21,867 - ui.password_manager.ui_table.table_events - INFO - 选中的密码单元格数量: 2
2025-03-13 17:16:33,249 - ui.password_manager.ui_table.table_events - INFO - 右键菜单 - 当前行: 3, 当前列: 5, 选中行数: 2, 选中行: [2, 3]
2025-03-13 17:16:33,250 - ui.password_manager.ui_table.table_events - INFO - 选中的密码单元格数量: 2
2025-03-13 17:16:40,730 - ui.password_manager.ui_table.table_password - INFO - 开始更新2个服务器的密码
2025-03-13 17:16:40,730 - ui.password_manager.ui_table.table_password - INFO - 开始更新服务器密码 - 行: 2, 项目: 域控制器, IP: 190.126.81.41, 用户: root30
2025-03-13 17:16:50,731 - ui.password_manager.ui_table.table_password - WARNING - 更新服务器 190.126.81.41 上用户 root30 的密码失败: 连接或命令执行失败: timed out
2025-03-13 17:16:50,732 - ui.password_manager.ui_table.table_password - INFO - 开始更新服务器密码 - 行: 3, 项目: 监控系统, IP: 200.57.67.76, 用户: operator72
2025-03-13 17:17:00,733 - ui.password_manager.ui_table.table_password - WARNING - 更新服务器 200.57.67.76 上用户 operator72 的密码失败: 连接或命令执行失败: timed out
2025-03-13 17:17:00,734 - ui.password_manager.ui_table.table_password - WARNING - SSH密码更新结果: 失败 2/2 个
2025-03-13 17:17:07,035 - ui.password_manager.ui_table.table_events - INFO - 右键菜单 - 当前行: 3, 当前列: 5, 选中行数: 2, 选中行: [2, 3]
2025-03-13 17:17:07,035 - ui.password_manager.ui_table.table_events - INFO - 选中的密码单元格数量: 2
2025-03-13 17:17:23,372 - ui.password_manager.ui_table.table_password - INFO - 用户取消了服务器密码更新
2025-03-13 17:17:34,537 - ui.password_manager.ui_table.table_events - INFO - 右键菜单 - 当前行: 2, 当前列: 5, 选中行数: 1, 选中行: [2]
2025-03-13 17:17:34,537 - ui.password_manager.ui_table.table_events - INFO - 选中的密码单元格数量: 1
2025-03-13 17:17:34,538 - ui.password_manager.ui_table.table_events - INFO - 准备添加'添加行'子菜单 (选中行数: 1)
2025-03-13 17:17:34,539 - ui.password_manager.ui_table.table_events - INFO - 已添加'添加行'子菜单，包含上方、下方和末尾三个选项
2025-03-13 17:17:54,680 - ui.password_manager.ui_table.table_events - INFO - 右键菜单 - 当前行: 2, 当前列: 5, 选中行数: 1, 选中行: [2]
2025-03-13 17:17:54,681 - ui.password_manager.ui_table.table_events - INFO - 选中的密码单元格数量: 1
2025-03-13 17:17:54,682 - ui.password_manager.ui_table.table_events - INFO - 准备添加'添加行'子菜单 (选中行数: 1)
2025-03-13 17:17:54,682 - ui.password_manager.ui_table.table_events - INFO - 已添加'添加行'子菜单，包含上方、下方和末尾三个选项
2025-03-13 17:17:59,754 - ui.password_manager.ui_table.table_events - INFO - 右键菜单 - 当前行: 2, 当前列: 5, 选中行数: 1, 选中行: [2]
2025-03-13 17:17:59,754 - ui.password_manager.ui_table.table_events - INFO - 选中的密码单元格数量: 1
2025-03-13 17:17:59,755 - ui.password_manager.ui_table.table_events - INFO - 准备添加'添加行'子菜单 (选中行数: 1)
2025-03-13 17:17:59,756 - ui.password_manager.ui_table.table_events - INFO - 已添加'添加行'子菜单，包含上方、下方和末尾三个选项
2025-03-13 17:18:03,297 - ui.password_manager.ui_table.table_events - INFO - 右键菜单 - 当前行: 2, 当前列: 5, 选中行数: 1, 选中行: [2]
2025-03-13 17:18:03,298 - ui.password_manager.ui_table.table_events - INFO - 选中的密码单元格数量: 1
2025-03-13 17:18:03,299 - ui.password_manager.ui_table.table_events - INFO - 准备添加'添加行'子菜单 (选中行数: 1)
2025-03-13 17:18:03,299 - ui.password_manager.ui_table.table_events - INFO - 已添加'添加行'子菜单，包含上方、下方和末尾三个选项
2025-03-13 17:18:27,826 - ui.password_manager.ui_table.table_events - INFO - 右键菜单 - 当前行: 5, 当前列: 5, 选中行数: 1, 选中行: [5]
2025-03-13 17:18:27,826 - ui.password_manager.ui_table.table_events - INFO - 选中的密码单元格数量: 1
2025-03-13 17:18:27,827 - ui.password_manager.ui_table.table_events - INFO - 准备添加'添加行'子菜单 (选中行数: 1)
2025-03-13 17:18:27,828 - ui.password_manager.ui_table.table_events - INFO - 已添加'添加行'子菜单，包含上方、下方和末尾三个选项
2025-03-13 17:19:01,730 - ui.password_manager.ui_table.table_events - INFO - 右键菜单 - 当前行: 6, 当前列: 5, 选中行数: 1, 选中行: [6]
2025-03-13 17:19:01,731 - ui.password_manager.ui_table.table_events - INFO - 选中的密码单元格数量: 1
2025-03-13 17:19:01,731 - ui.password_manager.ui_table.table_events - INFO - 准备添加'添加行'子菜单 (选中行数: 1)
2025-03-13 17:19:01,732 - ui.password_manager.ui_table.table_events - INFO - 已添加'添加行'子菜单，包含上方、下方和末尾三个选项
2025-03-13 17:19:55,758 - user - INFO - 用户已登出
2025-03-13 17:19:56,594 - root - INFO - 密码管理系统启动
2025-03-13 17:19:58,171 - user - INFO - 用户 admin 登录成功
2025-03-13 17:19:58,172 - login_ui - INFO - 用户 admin 登录成功
2025-03-13 17:19:58,173 - root - INFO - 用户 admin 登录成功，准备打开密码管理界面
2025-03-13 17:19:59,668 - ui.password_manager.ui_table.table_events - INFO - 右键菜单 - 当前行: 3, 当前列: 5, 选中行数: 1, 选中行: [3]
2025-03-13 17:19:59,669 - ui.password_manager.ui_table.table_events - INFO - 选中的密码单元格数量: 1
2025-03-13 17:19:59,670 - ui.password_manager.ui_table.table_events - INFO - 准备添加'添加行'子菜单 (选中行数: 1)
2025-03-13 17:19:59,671 - ui.password_manager.ui_table.table_events - INFO - 已添加'添加行'子菜单，包含上方、下方和末尾三个选项
2025-03-13 17:20:07,105 - ui.password_manager.ui_table.table_events - INFO - 右键菜单 - 当前行: 2, 当前列: 5, 选中行数: 1, 选中行: [2]
2025-03-13 17:20:07,106 - ui.password_manager.ui_table.table_events - INFO - 选中的密码单元格数量: 1
2025-03-13 17:20:07,106 - ui.password_manager.ui_table.table_events - INFO - 准备添加'添加行'子菜单 (选中行数: 1)
2025-03-13 17:20:07,107 - ui.password_manager.ui_table.table_events - INFO - 已添加'添加行'子菜单，包含上方、下方和末尾三个选项
2025-03-13 17:20:08,217 - ui.password_manager.ui_table.table_events - INFO - 右键菜单 - 当前行: 7, 当前列: 5, 选中行数: 1, 选中行: [7]
2025-03-13 17:20:08,217 - ui.password_manager.ui_table.table_events - INFO - 选中的密码单元格数量: 1
2025-03-13 17:20:08,218 - ui.password_manager.ui_table.table_events - INFO - 准备添加'添加行'子菜单 (选中行数: 1)
2025-03-13 17:20:08,219 - ui.password_manager.ui_table.table_events - INFO - 已添加'添加行'子菜单，包含上方、下方和末尾三个选项
2025-03-13 17:20:20,072 - ui.password_manager.ui_table.table_events - INFO - 右键菜单 - 当前行: 6, 当前列: 5, 选中行数: 1, 选中行: [6]
2025-03-13 17:20:20,074 - ui.password_manager.ui_table.table_events - INFO - 选中的密码单元格数量: 1
2025-03-13 17:20:20,075 - ui.password_manager.ui_table.table_events - INFO - 准备添加'添加行'子菜单 (选中行数: 1)
2025-03-13 17:20:20,075 - ui.password_manager.ui_table.table_events - INFO - 已添加'添加行'子菜单，包含上方、下方和末尾三个选项
2025-03-13 17:20:45,771 - ui.password_manager.ui_table.table_events - INFO - 右键菜单 - 当前行: 6, 当前列: 5, 选中行数: 1, 选中行: [6]
2025-03-13 17:20:45,772 - ui.password_manager.ui_table.table_events - INFO - 选中的密码单元格数量: 1
2025-03-13 17:20:45,773 - ui.password_manager.ui_table.table_events - INFO - 准备添加'添加行'子菜单 (选中行数: 1)
2025-03-13 17:20:45,773 - ui.password_manager.ui_table.table_events - INFO - 已添加'添加行'子菜单，包含上方、下方和末尾三个选项
2025-03-13 17:21:59,932 - user - INFO - 用户已登出
2025-03-13 17:22:03,219 - root - INFO - 密码管理系统启动
2025-03-13 17:22:04,427 - user - INFO - 用户 admin 登录成功
2025-03-13 17:22:04,428 - login_ui - INFO - 用户 admin 登录成功
2025-03-13 17:22:04,429 - root - INFO - 用户 admin 登录成功，准备打开密码管理界面
2025-03-13 17:22:06,041 - ui.password_manager.ui_table.table_events - INFO - 右键菜单 - 当前行: 4, 当前列: 5, 选中行数: 1, 选中行: [4]
2025-03-13 17:22:06,042 - ui.password_manager.ui_table.table_events - INFO - 选中的密码单元格数量: 1
2025-03-13 17:22:06,042 - ui.password_manager.ui_table.table_events - INFO - 准备添加'添加行'子菜单 (选中行数: 1)
2025-03-13 17:22:06,043 - ui.password_manager.ui_table.table_events - INFO - 已添加'添加行'子菜单，包含上方、下方和末尾三个选项
2025-03-13 17:22:30,177 - ui.password_manager.ui_table.table_password - INFO - 开始更新1个服务器的密码
2025-03-13 17:22:30,178 - ui.password_manager.ui_table.table_password - INFO - 开始更新服务器密码 - 行: 4, 项目: ERP系统, IP: 243.193.66.197, 用户: sysadmin12
2025-03-13 17:22:30,183 - ui.password_manager.ui_table.table_password - WARNING - 更新服务器 243.193.66.197 上用户 sysadmin12 的密码失败: 连接或命令执行失败: [WinError 10051] 向一个无法连接的网络尝试了一个套接字操作。
2025-03-13 17:22:30,184 - ui.password_manager.ui_table.table_password - WARNING - SSH密码更新结果: 失败 1/1 个
2025-03-13 17:22:41,378 - ui.password_manager.ui_table.table_events - INFO - 右键菜单 - 当前行: 2, 当前列: 5, 选中行数: 1, 选中行: [2]
2025-03-13 17:22:41,379 - ui.password_manager.ui_table.table_events - INFO - 选中的密码单元格数量: 1
2025-03-13 17:22:41,380 - ui.password_manager.ui_table.table_events - INFO - 准备添加'添加行'子菜单 (选中行数: 1)
2025-03-13 17:22:41,380 - ui.password_manager.ui_table.table_events - INFO - 已添加'添加行'子菜单，包含上方、下方和末尾三个选项
2025-03-13 17:22:44,862 - ui.password_manager.ui_table.table_password - INFO - 开始更新1个服务器的密码
2025-03-13 17:22:44,863 - ui.password_manager.ui_table.table_password - INFO - 开始更新服务器密码 - 行: 2, 项目: 域控制器, IP: 190.126.81.41, 用户: root30
2025-03-13 17:22:54,865 - ui.password_manager.ui_table.table_password - WARNING - 更新服务器 190.126.81.41 上用户 root30 的密码失败: 连接或命令执行失败: timed out
2025-03-13 17:22:54,866 - ui.password_manager.ui_table.table_password - WARNING - SSH密码更新结果: 失败 1/1 个
2025-03-13 17:23:03,923 - ui.password_manager.ui_table.table_events - INFO - 右键菜单 - 当前行: 1, 当前列: 5, 选中行数: 1, 选中行: [1]
2025-03-13 17:23:03,924 - ui.password_manager.ui_table.table_events - INFO - 选中的密码单元格数量: 1
2025-03-13 17:23:03,925 - ui.password_manager.ui_table.table_events - INFO - 准备添加'添加行'子菜单 (选中行数: 1)
2025-03-13 17:23:03,926 - ui.password_manager.ui_table.table_events - INFO - 已添加'添加行'子菜单，包含上方、下方和末尾三个选项
2025-03-13 17:23:06,774 - ui.password_manager.ui_table.table_password - INFO - 开始更新1个服务器的密码
2025-03-13 17:23:06,774 - ui.password_manager.ui_table.table_password - INFO - 开始更新服务器密码 - 行: 1, 项目: 测试1, IP: 192.168.8.87, 用户: root
2025-03-13 17:23:06,792 - paramiko.transport - INFO - Connected (version 2.0, client OpenSSH_7.4)
2025-03-13 17:23:06,863 - paramiko.transport - INFO - Authentication (password) failed.
2025-03-13 17:23:06,865 - ui.password_manager.ui_table.table_password - WARNING - 更新服务器 192.168.8.87 上用户 root 的密码失败: 连接或命令执行失败: Authentication failed.
2025-03-13 17:23:06,865 - ui.password_manager.ui_table.table_password - WARNING - SSH密码更新结果: 失败 1/1 个
2025-03-13 17:34:26,737 - ui.password_manager.ui_table.table_events - INFO - 右键菜单 - 当前行: 1, 当前列: 5, 选中行数: 1, 选中行: [1]
2025-03-13 17:34:26,738 - ui.password_manager.ui_table.table_events - INFO - 选中的密码单元格数量: 1
2025-03-13 17:34:26,738 - ui.password_manager.ui_table.table_events - INFO - 准备添加'添加行'子菜单 (选中行数: 1)
2025-03-13 17:34:26,739 - ui.password_manager.ui_table.table_events - INFO - 已添加'添加行'子菜单，包含上方、下方和末尾三个选项
2025-03-13 17:34:29,469 - ui.password_manager.ui_table.table_password - INFO - 开始更新1个服务器的密码
2025-03-13 17:34:29,470 - ui.password_manager.ui_table.table_password - INFO - 开始更新服务器密码 - 行: 1, 项目: 测试1, IP: 192.168.8.87, 用户: root
2025-03-13 17:34:29,520 - paramiko.transport - INFO - Connected (version 2.0, client OpenSSH_7.4)
2025-03-13 17:34:29,631 - paramiko.transport - INFO - Authentication (password) failed.
2025-03-13 17:34:29,633 - ui.password_manager.ui_table.table_password - WARNING - 更新服务器 192.168.8.87 上用户 root 的密码失败: 连接或命令执行失败: Authentication failed.
2025-03-13 17:34:29,633 - ui.password_manager.ui_table.table_password - WARNING - SSH密码更新结果: 失败 1/1 个
2025-03-13 17:35:05,374 - ui.password_manager.ui_table.table_events - INFO - 右键菜单 - 当前行: 1, 当前列: 5, 选中行数: 1, 选中行: [1]
2025-03-13 17:35:05,375 - ui.password_manager.ui_table.table_events - INFO - 选中的密码单元格数量: 1
2025-03-13 17:35:05,375 - ui.password_manager.ui_table.table_events - INFO - 准备添加'添加行'子菜单 (选中行数: 1)
2025-03-13 17:35:05,376 - ui.password_manager.ui_table.table_events - INFO - 已添加'添加行'子菜单，包含上方、下方和末尾三个选项
2025-03-13 17:35:08,002 - ui.password_manager.ui_table.table_password - INFO - 开始更新1个服务器的密码
2025-03-13 17:35:08,002 - ui.password_manager.ui_table.table_password - INFO - 开始更新服务器密码 - 行: 1, 项目: 测试1, IP: 192.168.8.87, 用户: root
2025-03-13 17:35:08,043 - paramiko.transport - INFO - Connected (version 2.0, client OpenSSH_7.4)
2025-03-13 17:35:08,146 - paramiko.transport - INFO - Authentication (password) failed.
2025-03-13 17:35:08,147 - ui.password_manager.ui_table.table_password - WARNING - 更新服务器 192.168.8.87 上用户 root 的密码失败: 连接或命令执行失败: Authentication failed.
2025-03-13 17:35:08,148 - ui.password_manager.ui_table.table_password - WARNING - SSH密码更新结果: 失败 1/1 个
2025-03-13 17:35:14,703 - ui.password_manager.ui_table.table_events - INFO - 右键菜单 - 当前行: 4, 当前列: 5, 选中行数: 1, 选中行: [4]
2025-03-13 17:35:14,704 - ui.password_manager.ui_table.table_events - INFO - 选中的密码单元格数量: 1
2025-03-13 17:35:14,705 - ui.password_manager.ui_table.table_events - INFO - 准备添加'添加行'子菜单 (选中行数: 1)
2025-03-13 17:35:14,706 - ui.password_manager.ui_table.table_events - INFO - 已添加'添加行'子菜单，包含上方、下方和末尾三个选项
2025-03-13 17:35:16,646 - ui.password_manager.ui_table.table_password - INFO - 开始更新1个服务器的密码
2025-03-13 17:35:16,646 - ui.password_manager.ui_table.table_password - INFO - 开始更新服务器密码 - 行: 4, 项目: ERP系统, IP: 243.193.66.197, 用户: sysadmin12
2025-03-13 17:35:16,648 - ui.password_manager.ui_table.table_password - WARNING - 更新服务器 243.193.66.197 上用户 sysadmin12 的密码失败: 连接或命令执行失败: [WinError 10051] 向一个无法连接的网络尝试了一个套接字操作。
2025-03-13 17:35:16,649 - ui.password_manager.ui_table.table_password - WARNING - SSH密码更新结果: 失败 1/1 个
2025-03-13 17:35:18,560 - user - INFO - 用户已登出
2025-03-13 17:35:36,122 - root - INFO - 密码管理系统启动
2025-03-13 17:35:37,642 - user - INFO - 用户 admin 登录成功
2025-03-13 17:35:37,643 - login_ui - INFO - 用户 admin 登录成功
2025-03-13 17:35:37,644 - root - INFO - 用户 admin 登录成功，准备打开密码管理界面
2025-03-13 17:35:40,824 - ui.password_manager.ui_table.table_events - INFO - 右键菜单 - 当前行: 1, 当前列: 5, 选中行数: 1, 选中行: [1]
2025-03-13 17:35:40,825 - ui.password_manager.ui_table.table_events - INFO - 选中的密码单元格数量: 1
2025-03-13 17:35:40,826 - ui.password_manager.ui_table.table_events - INFO - 准备添加'添加行'子菜单 (选中行数: 1)
2025-03-13 17:35:40,826 - ui.password_manager.ui_table.table_events - INFO - 已添加'添加行'子菜单，包含上方、下方和末尾三个选项
2025-03-13 17:35:42,838 - ui.password_manager.ui_table.table_password - INFO - 开始更新1个服务器的密码
2025-03-13 17:35:42,839 - ui.password_manager.ui_table.table_password - INFO - 开始更新服务器密码 - 行: 1, 项目: 测试1, IP: 192.168.8.87, 用户: root
2025-03-13 17:35:42,858 - paramiko.transport - INFO - Connected (version 2.0, client OpenSSH_7.4)
2025-03-13 17:35:42,981 - paramiko.transport - INFO - Authentication (password) successful!
2025-03-13 17:35:55,304 - paramiko.transport - INFO - Connected (version 2.0, client OpenSSH_7.4)
2025-03-13 17:35:55,441 - paramiko.transport - INFO - Authentication (password) successful!
2025-03-13 17:35:55,544 - ui.password_manager.ui_table.table_password - INFO - SSH密码更新成功 - 行: 1, IP: 192.168.8.87, 用户: root
2025-03-13 17:35:55,545 - password - INFO - 调试信息 - update_password被调用，skip_server_sync参数值为: True，类型: <class 'bool'>
2025-03-13 17:35:55,546 - password - INFO - 更新密码记录 - 所有者: 徐国明, 索引: 0, 项目: 测试1, 跳过服务器同步: 是
2025-03-13 17:35:55,546 - password - INFO - 明确跳过SSH密码更新步骤 - 项目: 测试1, skip_server_sync=True
2025-03-13 17:35:55,549 - password - INFO - 更新所有者 徐国明 的密码记录成功 (跳过服务器同步)
2025-03-13 17:35:55,549 - ui.password_manager.ui_table.table_password - INFO - 成功更新本地数据库 - 所有者: 徐国明, 行: 1
2025-03-13 17:35:55,549 - ui.password_manager.ui_table.table_password - INFO - 成功更新了 1/1 个服务器的密码。
2025-03-13 17:36:16,025 - ui.password_manager.ui_table.table_events - INFO - 右键菜单 - 当前行: 18, 当前列: 1, 选中行数: 3, 选中行: [18, 19, 20]
2025-03-13 17:36:16,025 - ui.password_manager.ui_table.table_events - INFO - 选中的密码单元格数量: 0
2025-03-13 17:36:17,784 - password - INFO - 删除所有者 徐国明 的密码记录成功
2025-03-13 17:36:17,786 - password - INFO - 删除所有者 徐国明 的密码记录成功
2025-03-13 17:36:17,787 - password - INFO - 删除所有者 徐国明 的密码记录成功
2025-03-13 17:36:26,737 - ui.password_manager.ui_table.table_events - INFO - 右键菜单 - 当前行: 1, 当前列: 5, 选中行数: 1, 选中行: [1]
2025-03-13 17:36:26,737 - ui.password_manager.ui_table.table_events - INFO - 选中的密码单元格数量: 1
2025-03-13 17:36:26,738 - ui.password_manager.ui_table.table_events - INFO - 准备添加'添加行'子菜单 (选中行数: 1)
2025-03-13 17:36:26,738 - ui.password_manager.ui_table.table_events - INFO - 已添加'添加行'子菜单，包含上方、下方和末尾三个选项
2025-03-13 17:36:36,509 - ui.password_manager.ui_table.table_password - INFO - 开始更新1个服务器的密码
2025-03-13 17:36:36,510 - ui.password_manager.ui_table.table_password - INFO - 开始更新服务器密码 - 行: 1, 项目: 测试1, IP: 192.168.8.87, 用户: root
2025-03-13 17:36:36,541 - paramiko.transport - INFO - Connected (version 2.0, client OpenSSH_7.4)
2025-03-13 17:36:36,651 - paramiko.transport - INFO - Authentication (password) successful!
2025-03-13 17:36:48,973 - paramiko.transport - INFO - Connected (version 2.0, client OpenSSH_7.4)
2025-03-13 17:36:49,077 - paramiko.transport - INFO - Authentication (password) successful!
2025-03-13 17:36:49,177 - ui.password_manager.ui_table.table_password - INFO - SSH密码更新成功 - 行: 1, IP: 192.168.8.87, 用户: root
2025-03-13 17:36:49,177 - password - INFO - 调试信息 - update_password被调用，skip_server_sync参数值为: True，类型: <class 'bool'>
2025-03-13 17:36:49,178 - password - INFO - 更新密码记录 - 所有者: 徐国明, 索引: 0, 项目: 测试1, 跳过服务器同步: 是
2025-03-13 17:36:49,178 - password - INFO - 明确跳过SSH密码更新步骤 - 项目: 测试1, skip_server_sync=True
2025-03-13 17:36:49,180 - password - INFO - 更新所有者 徐国明 的密码记录成功 (跳过服务器同步)
2025-03-13 17:36:49,180 - ui.password_manager.ui_table.table_password - INFO - 成功更新本地数据库 - 所有者: 徐国明, 行: 1
2025-03-13 17:36:49,181 - ui.password_manager.ui_table.table_password - INFO - 成功更新了 1/1 个服务器的密码。
2025-03-13 17:37:25,632 - ui.password_manager.ui_table.table_events - INFO - 右键菜单 - 当前行: 6, 当前列: 4, 选中行数: 1, 选中行: [6]
2025-03-13 17:37:25,633 - ui.password_manager.ui_table.table_events - INFO - 选中的密码单元格数量: 0
2025-03-13 17:37:25,634 - ui.password_manager.ui_table.table_events - INFO - 准备添加'添加行'子菜单 (选中行数: 1)
2025-03-13 17:37:25,634 - ui.password_manager.ui_table.table_events - INFO - 已添加'添加行'子菜单，包含上方、下方和末尾三个选项
2025-03-13 17:37:27,783 - ui.password_manager.ui_table.table_events - INFO - 右键菜单 - 当前行: 9, 当前列: 5, 选中行数: 1, 选中行: [9]
2025-03-13 17:37:27,783 - ui.password_manager.ui_table.table_events - INFO - 选中的密码单元格数量: 1
2025-03-13 17:37:27,784 - ui.password_manager.ui_table.table_events - INFO - 准备添加'添加行'子菜单 (选中行数: 1)
2025-03-13 17:37:27,784 - ui.password_manager.ui_table.table_events - INFO - 已添加'添加行'子菜单，包含上方、下方和末尾三个选项
2025-03-13 17:37:38,368 - ui.password_manager.ui_table.table_events - INFO - 右键菜单 - 当前行: 5, 当前列: 4, 选中行数: 1, 选中行: [5]
2025-03-13 17:37:38,369 - ui.password_manager.ui_table.table_events - INFO - 选中的密码单元格数量: 0
2025-03-13 17:37:38,369 - ui.password_manager.ui_table.table_events - INFO - 准备添加'添加行'子菜单 (选中行数: 1)
2025-03-13 17:37:38,370 - ui.password_manager.ui_table.table_events - INFO - 已添加'添加行'子菜单，包含上方、下方和末尾三个选项
2025-03-13 17:37:39,856 - ui.password_manager.ui_table.table_events - INFO - 尝试在行6（下方）添加新行 [添加方式: 下方]
2025-03-13 17:37:39,857 - ui.password_manager.ui_table.table_edit - INFO - 开始在位置 5 添加新行
2025-03-13 17:37:39,860 - ui.password_manager.ui_table.table_edit - INFO - 在第6行第1列设置了新行标记
2025-03-13 17:37:39,869 - ui.password_manager.ui_table.table_events - INFO - 成功在行6（下方）添加新行，新行索引: 6 [添加方式: 下方]
2025-03-13 17:37:49,514 - ui.password_manager.ui_table.table_edit - INFO - 开始确认编辑 - 第6行: Jenkins
2025-03-13 17:37:49,514 - ui.password_manager.ui_table.table_edit - INFO - 根据存储的标记判断第6行是新添加的行
2025-03-13 17:37:49,515 - ui.password_manager.ui_table.table_edit - INFO - 检测到新添加的行，将跳过SSH密码更新步骤
2025-03-13 17:37:49,515 - ui.password_manager.ui_table.table_edit - INFO - 检测到新添加的行，使用add_password方法直接添加
2025-03-13 17:37:49,517 - password - INFO - 为所有者 徐国明 添加密码记录成功
2025-03-13 17:37:49,517 - ui.password_manager.ui_table.table_data - INFO - 保持插入位置: 6
2025-03-13 17:37:49,519 - ui.password_manager.ui_table.table_edit - INFO - 成功确认编辑 - 第6行: Jenkins
2025-03-13 17:37:59,607 - user - INFO - 用户已登出
2025-03-13 17:38:01,953 - root - INFO - 密码管理系统启动
2025-03-13 17:38:03,008 - user - INFO - 用户 admin 登录成功
2025-03-13 17:38:03,009 - login_ui - INFO - 用户 admin 登录成功
2025-03-13 17:38:03,009 - root - INFO - 用户 admin 登录成功，准备打开密码管理界面
2025-03-13 17:38:07,663 - user - INFO - 用户已登出
2025-03-13 17:46:27,553 - root - INFO - 密码管理系统启动
2025-03-13 17:46:28,913 - user - INFO - 用户 admin 登录成功
2025-03-13 17:46:28,914 - login_ui - INFO - 用户 admin 登录成功
2025-03-13 17:46:28,915 - root - INFO - 用户 admin 登录成功，准备打开密码管理界面
2025-03-13 17:46:30,239 - ui.password_manager.ui_table.table_events - INFO - 右键菜单 - 当前行: 3, 当前列: 5, 选中行数: 1, 选中行: [3]
2025-03-13 17:46:30,240 - ui.password_manager.ui_table.table_events - INFO - 选中的密码单元格数量: 1
2025-03-13 17:46:30,240 - ui.password_manager.ui_table.table_events - INFO - 准备添加'添加行'子菜单 (选中行数: 1)
2025-03-13 17:46:30,241 - ui.password_manager.ui_table.table_events - INFO - 已添加'添加行'子菜单，包含上方、下方和末尾三个选项
2025-03-13 17:46:33,446 - ui.password_manager.ui_table.table_password - INFO - 用户取消了服务器密码更新
2025-03-13 17:47:08,047 - ui.password_manager.ui_table.table_events - INFO - 右键菜单 - 当前行: 5, 当前列: 1, 选中行数: 1, 选中行: [5]
2025-03-13 17:47:08,047 - ui.password_manager.ui_table.table_events - INFO - 选中的密码单元格数量: 0
2025-03-13 17:47:08,048 - ui.password_manager.ui_table.table_events - INFO - 准备添加'添加行'子菜单 (选中行数: 1)
2025-03-13 17:47:08,049 - ui.password_manager.ui_table.table_events - INFO - 已添加'添加行'子菜单，包含上方、下方和末尾三个选项
2025-03-13 17:47:09,886 - ui.password_manager.ui_table.table_events - INFO - 右键菜单 - 当前行: 5, 当前列: 1, 选中行数: 1, 选中行: [5]
2025-03-13 17:47:09,886 - ui.password_manager.ui_table.table_events - INFO - 选中的密码单元格数量: 0
2025-03-13 17:47:09,887 - ui.password_manager.ui_table.table_events - INFO - 准备添加'添加行'子菜单 (选中行数: 1)
2025-03-13 17:47:09,887 - ui.password_manager.ui_table.table_events - INFO - 已添加'添加行'子菜单，包含上方、下方和末尾三个选项
2025-03-13 17:47:13,710 - ui.password_manager.ui_table.table_events - INFO - 右键菜单 - 当前行: 5, 当前列: 1, 选中行数: 1, 选中行: [5]
2025-03-13 17:47:13,711 - ui.password_manager.ui_table.table_events - INFO - 选中的密码单元格数量: 0
2025-03-13 17:47:13,711 - ui.password_manager.ui_table.table_events - INFO - 准备添加'添加行'子菜单 (选中行数: 1)
2025-03-13 17:47:13,711 - ui.password_manager.ui_table.table_events - INFO - 已添加'添加行'子菜单，包含上方、下方和末尾三个选项
2025-03-13 17:47:17,296 - ui.password_manager.ui_table.table_events - INFO - 尝试在行5（上方）添加新行 [添加方式: 上方]
2025-03-13 17:47:17,297 - ui.password_manager.ui_table.table_edit - INFO - 在位置 4 添加新行
2025-03-13 17:47:17,311 - ui.password_manager.ui_table.table_events - ERROR - 在行5（上方）添加新行时出错: '>=' not supported between instances of 'NoneType' and 'int' [添加方式: 上方]
2025-03-13 17:48:58,682 - root - INFO - 密码管理系统启动
2025-03-13 17:49:05,639 - user - INFO - 用户 admin 登录成功
2025-03-13 17:49:05,640 - login_ui - INFO - 用户 admin 登录成功
2025-03-13 17:49:05,641 - root - INFO - 用户 admin 登录成功，准备打开密码管理界面
2025-03-13 17:49:08,056 - ui.password_manager.ui_table.table_events - INFO - 右键菜单 - 当前行: 5, 当前列: 1, 选中行数: 1, 选中行: [5]
2025-03-13 17:49:08,057 - ui.password_manager.ui_table.table_events - INFO - 选中的密码单元格数量: 0
2025-03-13 17:49:08,057 - ui.password_manager.ui_table.table_events - INFO - 准备添加'添加行'子菜单 (选中行数: 1)
2025-03-13 17:49:08,058 - ui.password_manager.ui_table.table_events - INFO - 已添加'添加行'子菜单，包含上方、下方和末尾三个选项
2025-03-13 17:49:09,868 - ui.password_manager.ui_table.table_events - INFO - 尝试在行5（上方）添加新行 [添加方式: 上方]
2025-03-13 17:49:09,868 - ui.password_manager.ui_table.table_edit - INFO - 在位置 4 添加新行
2025-03-13 17:49:09,884 - ui.password_manager.ui_table.table_events - ERROR - 在行5（上方）添加新行时出错: '>=' not supported between instances of 'NoneType' and 'int' [添加方式: 上方]
2025-03-13 17:50:33,691 - root - INFO - 密码管理系统启动
2025-03-13 17:50:35,097 - user - INFO - 用户 admin 登录成功
2025-03-13 17:50:35,098 - login_ui - INFO - 用户 admin 登录成功
2025-03-13 17:50:35,099 - root - INFO - 用户 admin 登录成功，准备打开密码管理界面
2025-03-13 17:50:46,166 - ui.password_manager.ui_table.table_events - INFO - 右键菜单 - 当前行: 6, 当前列: 1, 选中行数: 1, 选中行: [6]
2025-03-13 17:50:46,166 - ui.password_manager.ui_table.table_events - INFO - 选中的密码单元格数量: 0
2025-03-13 17:50:46,167 - ui.password_manager.ui_table.table_events - INFO - 准备添加'添加行'子菜单 (选中行数: 1)
2025-03-13 17:50:46,167 - ui.password_manager.ui_table.table_events - INFO - 已添加'添加行'子菜单，包含上方、下方和末尾三个选项
2025-03-13 17:50:47,762 - ui.password_manager.ui_table.table_events - INFO - 尝试在行7（下方）添加新行 [添加方式: 下方]
2025-03-13 17:50:47,762 - ui.password_manager.ui_table.table_edit - INFO - 在位置 6 添加新行
2025-03-13 17:50:47,777 - ui.password_manager.ui_table.table_events - ERROR - 在行7（下方）添加新行时出错: '>=' not supported between instances of 'NoneType' and 'int' [添加方式: 下方]
